Date-Heure,Valeur
2025-11-05 00:00,2.3
2025-11-05 00:05,2.2
2025-11-05 00:10,2.11
2025-11-05 00:15,2.29
2025-11-05 00:20,2.12
2025-11-05 00:25,2.3
2025-11-05 00:30,2.24
2025-11-05 00:35,2.27
2025-11-05 00:40,2.17
2025-11-05 00:45,2.1
2025-11-05 00:50,2.17
2025-11-05 00:55,2.14
2025-11-05 01:00,2.2
2025-11-05 01:05,2.17
2025-11-05 01:10,2.29
2025-11-05 01:15,2.24
2025-11-05 01:20,2.16
2025-11-05 01:25,2.13
2025-11-05 01:30,2.25
2025-11-05 01:35,2.29
2025-11-05 01:40,2.19
2025-11-05 01:45,2.17
2025-11-05 01:50,2.22
2025-11-05 01:55,2.22
2025-11-05 02:00,2.14
2025-11-05 02:05,2.11
2025-11-05 02:10,2.22
2025-11-05 02:15,2.15
2025-11-05 02:20,2.15
2025-11-05 02:25,2.25
2025-11-05 02:30,2.26
2025-11-05 02:35,2.15
2025-11-05 02:40,2.13
2025-11-05 02:45,2.26
2025-11-05 02:50,2.2
2025-11-05 02:55,2.12
2025-11-05 03:00,2.11
2025-11-05 03:05,2.24
2025-11-05 03:10,2.29
2025-11-05 03:15,2.29
2025-11-05 03:20,2.28
2025-11-05 03:25,2.26
2025-11-05 03:30,2.24
2025-11-05 03:35,2.17
2025-11-05 03:40,2.25
2025-11-05 03:45,2.17
2025-11-05 03:50,2.29
2025-11-05 03:55,2.2
2025-11-05 04:00,2.19
2025-11-05 04:05,2.26
2025-11-05 04:10,2.29
2025-11-05 04:15,2.26
2025-11-05 04:20,2.26
2025-11-05 04:25,2.23
2025-11-05 04:30,2.18
2025-11-05 04:35,2.13
2025-11-05 04:40,2.29
2025-11-05 04:45,2.27
2025-11-05 04:50,2.13
2025-11-05 04:55,2.13
2025-11-05 05:00,4.28
2025-11-05 05:05,4.07
2025-11-05 05:10,4.22
2025-11-05 05:15,3.92
2025-11-05 05:20,4.01
2025-11-05 05:25,4.05
2025-11-05 05:30,4.12
2025-11-05 05:35,3.92
2025-11-05 05:40,4.13
2025-11-05 05:45,4.29
2025-11-05 05:50,4.04
2025-11-05 05:55,4.04
2025-11-05 06:00,3.96
2025-11-05 06:05,4.25
2025-11-05 06:10,3.91
2025-11-05 06:15,4.14
2025-11-05 06:20,4.11
2025-11-05 06:25,4.12
2025-11-05 06:30,4.15
2025-11-05 06:35,4.03
2025-11-05 06:40,4.03
2025-11-05 06:45,4.03
2025-11-05 06:50,4.11
2025-11-05 06:55,4.08
2025-11-05 07:00,4.0
2025-11-05 07:05,4.13
2025-11-05 07:10,3.93
2025-11-05 07:15,4.18
2025-11-05 07:20,4.02
2025-11-05 07:25,4.04
2025-11-05 07:30,4.08
2025-11-05 07:35,4.02
2025-11-05 07:40,4.03
2025-11-05 07:45,4.03
2025-11-05 07:50,4.16
2025-11-05 07:55,3.96
2025-11-05 08:00,3.93
2025-11-05 08:05,4.03
2025-11-05 08:10,4.12
2025-11-05 08:15,4.13
2025-11-05 08:20,4.28
2025-11-05 08:25,3.98
2025-11-05 08:30,4.2
2025-11-05 08:35,4.21
2025-11-05 08:40,3.99
2025-11-05 08:45,3.93
2025-11-05 08:50,3.92
2025-11-05 08:55,4.22
2025-11-05 09:00,3.98
2025-11-05 09:05,4.12
2025-11-05 09:10,4.11
2025-11-05 09:15,4.11
2025-11-05 09:20,3.95
2025-11-05 09:25,4.23
2025-11-05 09:30,4.22
2025-11-05 09:35,4.1
2025-11-05 09:40,4.01
2025-11-05 09:45,4.23
2025-11-05 09:50,4.23
2025-11-05 09:55,4.01
2025-11-05 10:00,4.04
2025-11-05 10:05,3.94
2025-11-05 10:10,3.99
2025-11-05 10:15,4.05
2025-11-05 10:20,3.9
2025-11-05 10:25,3.94
2025-11-05 10:30,3.91
2025-11-05 10:35,4.05
2025-11-05 10:40,4.05
2025-11-05 10:45,4.12
2025-11-05 10:50,3.9
2025-11-05 10:55,3.92
2025-11-05 11:00,4.12
2025-11-05 11:05,4.26
2025-11-05 11:10,4.15
2025-11-05 11:15,4.22
2025-11-05 11:20,4.06
2025-11-05 11:25,4.24
2025-11-05 11:30,4.1
2025-11-05 11:35,4.24
2025-11-05 11:40,4.05
2025-11-05 11:45,4.27
2025-11-05 11:50,4.19
2025-11-05 11:55,4.0
2025-11-05 12:00,3.91
2025-11-05 12:05,4.22
2025-11-05 12:10,4.11
2025-11-05 12:15,3.94
2025-11-05 12:20,3.97
2025-11-05 12:25,3.95
2025-11-05 12:30,4.14
2025-11-05 12:35,4.11
2025-11-05 12:40,4.22
2025-11-05 12:45,4.17
2025-11-05 12:50,4.21
2025-11-05 12:55,3.92
2025-11-05 13:00,3.94
2025-11-05 13:05,4.13
2025-11-05 13:10,4.27
2025-11-05 13:15,4.13
2025-11-05 13:20,4.05
2025-11-05 13:25,4.23
2025-11-05 13:30,4.28
2025-11-05 13:35,4.06
2025-11-05 13:40,4.07
2025-11-05 13:45,4.01
2025-11-05 13:50,4.22
2025-11-05 13:55,3.95
2025-11-05 14:00,4.23
2025-11-05 14:05,4.07
2025-11-05 14:10,4.23
2025-11-05 14:15,4.09
2025-11-05 14:20,4.27
2025-11-05 14:25,4.0
2025-11-05 14:30,4.17
2025-11-05 14:35,3.95
2025-11-05 14:40,4.14
2025-11-05 14:45,4.03
2025-11-05 14:50,3.97
2025-11-05 14:55,4.05
2025-11-05 15:00,4.11
2025-11-05 15:05,4.18
2025-11-05 15:10,4.09
2025-11-05 15:15,4.0
2025-11-05 15:20,3.93
2025-11-05 15:25,4.13
2025-11-05 15:30,4.13
2025-11-05 15:35,4.08
2025-11-05 15:40,4.23
2025-11-05 15:45,4.23
2025-11-05 15:50,4.09
2025-11-05 15:55,3.94
2025-11-05 16:00,4.11
2025-11-05 16:05,3.91
2025-11-05 16:10,4.29
2025-11-05 16:15,4.08
2025-11-05 16:20,4.09
2025-11-05 16:25,4.22
2025-11-05 16:30,4.26
2025-11-05 16:35,4.02
2025-11-05 16:40,3.96
2025-11-05 16:45,4.02
2025-11-05 16:50,3.9
2025-11-05 16:55,4.2
2025-11-05 17:00,4.26
2025-11-05 17:05,4.28
2025-11-05 17:10,4.13
2025-11-05 17:15,3.97
2025-11-05 17:20,4.16
2025-11-05 17:25,4.18
2025-11-05 17:30,4.1
2025-11-05 17:35,4.07
2025-11-05 17:40,4.07
2025-11-05 17:45,4.08
2025-11-05 17:50,4.01
2025-11-05 17:55,3.91
2025-11-05 18:00,4.21
2025-11-05 18:05,3.93
2025-11-05 18:10,4.13
2025-11-05 18:15,4.02
2025-11-05 18:20,4.05
2025-11-05 18:25,4.1
2025-11-05 18:30,4.0
2025-11-05 18:35,4.08
2025-11-05 18:40,3.93
2025-11-05 18:45,3.99
2025-11-05 18:50,3.95
2025-11-05 18:55,3.97
2025-11-05 19:00,4.14
2025-11-05 19:05,3.96
2025-11-05 19:10,4.02
2025-11-05 19:15,4.15
2025-11-05 19:20,4.09
2025-11-05 19:25,4.02
2025-11-05 19:30,3.92
2025-11-05 19:35,3.98
2025-11-05 19:40,3.97
2025-11-05 19:45,4.08
2025-11-05 19:50,4.29
2025-11-05 19:55,3.98
2025-11-05 20:00,4.27
2025-11-05 20:05,4.18
2025-11-05 20:10,4.06
2025-11-05 20:15,4.27
2025-11-05 20:20,4.08
2025-11-05 20:25,4.24
2025-11-05 20:30,4.14
2025-11-05 20:35,4.04
2025-11-05 20:40,4.03
2025-11-05 20:45,3.92
2025-11-05 20:50,3.91
2025-11-05 20:55,4.06
2025-11-05 21:00,4.15
2025-11-05 21:05,4.23
2025-11-05 21:10,4.22
2025-11-05 21:15,4.0
2025-11-05 21:20,3.96
2025-11-05 21:25,4.04
2025-11-05 21:30,3.93
2025-11-05 21:35,4.2
2025-11-05 21:40,3.9
2025-11-05 21:45,4.07
2025-11-05 21:50,4.21
2025-11-05 21:55,4.03
2025-11-05 22:00,3.93
2025-11-05 22:05,4.27
2025-11-05 22:10,4.26
2025-11-05 22:15,4.19
2025-11-05 22:20,4.17
2025-11-05 22:25,4.21
2025-11-05 22:30,3.97
2025-11-05 22:35,3.94
2025-11-05 22:40,4.01
2025-11-05 22:45,4.0
2025-11-05 22:50,4.02
2025-11-05 22:55,3.97
2025-11-05 23:00,2.18
2025-11-05 23:05,2.19
2025-11-05 23:10,2.24
2025-11-05 23:15,2.16
2025-11-05 23:20,2.12
2025-11-05 23:25,2.12
2025-11-05 23:30,2.23
2025-11-05 23:35,2.3
2025-11-05 23:40,2.28
2025-11-05 23:45,2.26
2025-11-05 23:50,2.23
2025-11-05 23:55,2.27
2025-11-06 00:00,2.16
2025-11-06 00:05,2.2
2025-11-06 00:10,2.28
2025-11-06 00:15,2.1
2025-11-06 00:20,2.27
2025-11-06 00:25,2.14
2025-11-06 00:30,2.17
2025-11-06 00:35,2.24
2025-11-06 00:40,2.14
2025-11-06 00:45,2.18
2025-11-06 00:50,2.18
2025-11-06 00:55,2.16
2025-11-06 01:00,2.15
2025-11-06 01:05,2.27
2025-11-06 01:10,2.11
2025-11-06 01:15,2.13
2025-11-06 01:20,2.25
2025-11-06 01:25,2.14
2025-11-06 01:30,2.1
2025-11-06 01:35,2.29
2025-11-06 01:40,2.26
2025-11-06 01:45,2.22
2025-11-06 01:50,2.24
2025-11-06 01:55,2.24
2025-11-06 02:00,2.18
2025-11-06 02:05,2.27
2025-11-06 02:10,2.26
2025-11-06 02:15,2.25
2025-11-06 02:20,2.24
2025-11-06 02:25,2.29
2025-11-06 02:30,2.11
2025-11-06 02:35,2.19
2025-11-06 02:40,2.17
2025-11-06 02:45,2.12
2025-11-06 02:50,2.2
2025-11-06 02:55,2.16
2025-11-06 03:00,2.23
2025-11-06 03:05,2.18
2025-11-06 03:10,2.14
2025-11-06 03:15,2.24
2025-11-06 03:20,2.25
2025-11-06 03:25,2.16
2025-11-06 03:30,2.12
2025-11-06 03:35,2.13
2025-11-06 03:40,2.11
2025-11-06 03:45,2.23
2025-11-06 03:50,2.19
2025-11-06 03:55,2.26
2025-11-06 04:00,2.24
2025-11-06 04:05,2.17
2025-11-06 04:10,2.18
2025-11-06 04:15,2.14
2025-11-06 04:20,2.15
2025-11-06 04:25,2.23
2025-11-06 04:30,2.15
2025-11-06 04:35,2.29
2025-11-06 04:40,2.27
2025-11-06 04:45,2.16
2025-11-06 04:50,2.16
2025-11-06 04:55,2.16
2025-11-06 05:00,4.25
2025-11-06 05:05,4.22
2025-11-06 05:10,4.02
2025-11-06 05:15,4.26
2025-11-06 05:20,4.26
2025-11-06 05:25,3.96
2025-11-06 05:30,4.11
2025-11-06 05:35,4.2
2025-11-06 05:40,4.01
2025-11-06 05:45,4.23
2025-11-06 05:50,3.97
2025-11-06 05:55,4.03
2025-11-06 06:00,4.09
2025-11-06 06:05,4.22
2025-11-06 06:10,4.11
2025-11-06 06:15,4.01
2025-11-06 06:20,4.0
2025-11-06 06:25,4.1
2025-11-06 06:30,3.93
2025-11-06 06:35,3.95
2025-11-06 06:40,3.94
2025-11-06 06:45,3.91
2025-11-06 06:50,4.03
2025-11-06 06:55,4.27
2025-11-06 07:00,4.23
2025-11-06 07:05,4.28
2025-11-06 07:10,3.91
2025-11-06 07:15,3.99
2025-11-06 07:20,4.27
2025-11-06 07:25,4.03
2025-11-06 07:30,4.01
2025-11-06 07:35,4.03
2025-11-06 07:40,4.07
2025-11-06 07:45,4.04
2025-11-06 07:50,4.22
2025-11-06 07:55,3.97
2025-11-06 08:00,4.27
2025-11-06 08:05,4.07
2025-11-06 08:10,4.03
2025-11-06 08:15,4.06
2025-11-06 08:20,3.95
2025-11-06 08:25,4.06
2025-11-06 08:30,3.95
2025-11-06 08:35,4.02
2025-11-06 08:40,4.23
2025-11-06 08:45,4.05
2025-11-06 08:50,4.18
2025-11-06 08:55,4.17
2025-11-06 09:00,4.19
2025-11-06 09:05,3.95
2025-11-06 09:10,4.06
2025-11-06 09:15,3.94
2025-11-06 09:20,4.01
2025-11-06 09:25,4.11
2025-11-06 09:30,4.13
2025-11-06 09:35,4.11
2025-11-06 09:40,3.98
2025-11-06 09:45,4.09
2025-11-06 09:50,4.28
2025-11-06 09:55,4.19
2025-11-06 10:00,4.28
2025-11-06 10:05,4.1
2025-11-06 10:10,4.27
2025-11-06 10:15,3.95
2025-11-06 10:20,3.93
2025-11-06 10:25,4.23
2025-11-06 10:30,4.21
2025-11-06 10:35,4.14
2025-11-06 10:40,3.93
2025-11-06 10:45,4.03
2025-11-06 10:50,4.13
2025-11-06 10:55,4.15
2025-11-06 11:00,4.27
2025-11-06 11:05,4.28
2025-11-06 11:10,3.92
2025-11-06 11:15,4.22
2025-11-06 11:20,4.14
2025-11-06 11:25,4.15
2025-11-06 11:30,4.17
2025-11-06 11:35,4.17
2025-11-06 11:40,4.11
2025-11-06 11:45,4.18
2025-11-06 11:50,4.15
2025-11-06 11:55,4.05
2025-11-06 12:00,3.93
2025-11-06 12:05,4.1
2025-11-06 12:10,4.1
2025-11-06 12:15,3.93
2025-11-06 12:20,4.24
2025-11-06 12:25,3.92
2025-11-06 12:30,4.24
2025-11-06 12:35,3.98
2025-11-06 12:40,4.15
2025-11-06 12:45,3.99
2025-11-06 12:50,3.95
2025-11-06 12:55,4.15
2025-11-06 13:00,4.07
2025-11-06 13:05,4.18
2025-11-06 13:10,3.97
2025-11-06 13:15,4.28
2025-11-06 13:20,4.2
2025-11-06 13:25,4.09
2025-11-06 13:30,4.1
2025-11-06 13:35,4.06
2025-11-06 13:40,4.13
2025-11-06 13:45,4.22
2025-11-06 13:50,4.22
2025-11-06 13:55,4.05
2025-11-06 14:00,4.26
2025-11-06 14:05,3.92
2025-11-06 14:10,4.25
2025-11-06 14:15,3.97
2025-11-06 14:20,3.96
2025-11-06 14:25,4.24
2025-11-06 14:30,4.26
2025-11-06 14:35,3.97
2025-11-06 14:40,4.16
2025-11-06 14:45,4.06
2025-11-06 14:50,3.93
2025-11-06 14:55,4.29
2025-11-06 15:00,4.13
2025-11-06 15:05,4.21
2025-11-06 15:10,4.13
2025-11-06 15:15,4.18
2025-11-06 15:20,4.18
2025-11-06 15:25,4.2
2025-11-06 15:30,4.23
2025-11-06 15:35,4.21
2025-11-06 15:40,4.28
2025-11-06 15:45,4.01
2025-11-06 15:50,4.13
2025-11-06 15:55,4.09
2025-11-06 16:00,4.16
2025-11-06 16:05,4.25
2025-11-06 16:10,4.14
2025-11-06 16:15,4.25
2025-11-06 16:20,3.91
2025-11-06 16:25,4.24
2025-11-06 16:30,4.21
2025-11-06 16:35,4.2
2025-11-06 16:40,4.08
2025-11-06 16:45,4.05
2025-11-06 16:50,4.17
2025-11-06 16:55,4.01
2025-11-06 17:00,4.13
2025-11-06 17:05,4.24
2025-11-06 17:10,3.91
2025-11-06 17:15,3.92
2025-11-06 17:20,4.29
2025-11-06 17:25,4.28
2025-11-06 17:30,4.21
2025-11-06 17:35,4.28
2025-11-06 17:40,4.07
2025-11-06 17:45,3.99
2025-11-06 17:50,4.01
2025-11-06 17:55,3.95
2025-11-06 18:00,4.2
2025-11-06 18:05,4.12
2025-11-06 18:10,4.1
2025-11-06 18:15,4.04
2025-11-06 18:20,3.96
2025-11-06 18:25,4.03
2025-11-06 18:30,4.26
2025-11-06 18:35,4.0
2025-11-06 18:40,4.22
2025-11-06 18:45,4.11
2025-11-06 18:50,4.0
2025-11-06 18:55,3.97
2025-11-06 19:00,4.22
2025-11-06 19:05,4.08
2025-11-06 19:10,3.97
2025-11-06 19:15,3.97
2025-11-06 19:20,4.27
2025-11-06 19:25,3.97
2025-11-06 19:30,4.06
2025-11-06 19:35,4.18
2025-11-06 19:40,4.26
2025-11-06 19:45,4.28
2025-11-06 19:50,4.04
2025-11-06 19:55,4.0
2025-11-06 20:00,3.96
2025-11-06 20:05,3.92
2025-11-06 20:10,4.3
2025-11-06 20:15,4.03
2025-11-06 20:20,3.99
2025-11-06 20:25,4.26
2025-11-06 20:30,4.01
2025-11-06 20:35,4.13
2025-11-06 20:40,4.01
2025-11-06 20:45,4.24
2025-11-06 20:50,4.28
2025-11-06 20:55,4.18
2025-11-06 21:00,4.2
2025-11-06 21:05,3.91
2025-11-06 21:10,3.92
2025-11-06 21:15,4.11
2025-11-06 21:20,3.98
2025-11-06 21:25,4.0
2025-11-06 21:30,4.24
2025-11-06 21:35,4.18
2025-11-06 21:40,4.05
2025-11-06 21:45,4.04
2025-11-06 21:50,3.92
2025-11-06 21:55,4.17
2025-11-06 22:00,4.03
2025-11-06 22:05,4.07
2025-11-06 22:10,3.91
2025-11-06 22:15,4.09
2025-11-06 22:20,4.28
2025-11-06 22:25,4.11
2025-11-06 22:30,4.05
2025-11-06 22:35,4.16
2025-11-06 22:40,4.08
2025-11-06 22:45,4.07
2025-11-06 22:50,3.91
2025-11-06 22:55,3.95
2025-11-06 23:00,2.23
2025-11-06 23:05,2.22
2025-11-06 23:10,2.27
2025-11-06 23:15,2.27
2025-11-06 23:20,2.15
2025-11-06 23:25,2.15
2025-11-06 23:30,2.22
2025-11-06 23:35,2.18
2025-11-06 23:40,2.27
2025-11-06 23:45,2.19
2025-11-06 23:50,2.25
2025-11-06 23:55,2.2
2025-11-07 00:00,2.26
2025-11-07 00:05,2.21
2025-11-07 00:10,2.21
2025-11-07 00:15,2.16
2025-11-07 00:20,2.1
2025-11-07 00:25,2.21
2025-11-07 00:30,2.22
2025-11-07 00:35,2.14
2025-11-07 00:40,2.11
2025-11-07 00:45,2.23
2025-11-07 00:50,2.14
2025-11-07 00:55,2.26
2025-11-07 01:00,2.16
2025-11-07 01:05,2.27
2025-11-07 01:10,2.2
2025-11-07 01:15,2.21
2025-11-07 01:20,2.24
2025-11-07 01:25,2.2
2025-11-07 01:30,2.15
2025-11-07 01:35,2.24
2025-11-07 01:40,2.26
2025-11-07 01:45,2.29
2025-11-07 01:50,2.16
2025-11-07 01:55,2.13
2025-11-07 02:00,2.14
2025-11-07 02:05,2.26
2025-11-07 02:10,2.23
2025-11-07 02:15,2.25
2025-11-07 02:20,2.25
2025-11-07 02:25,2.23
2025-11-07 02:30,2.28
2025-11-07 02:35,2.19
2025-11-07 02:40,2.15
2025-11-07 02:45,2.27
2025-11-07 02:50,2.15
2025-11-07 02:55,2.27
2025-11-07 03:00,2.16
2025-11-07 03:05,2.3
2025-11-07 03:10,2.14
2025-11-07 03:15,2.24
2025-11-07 03:20,2.19
2025-11-07 03:25,2.11
2025-11-07 03:30,2.25
2025-11-07 03:35,2.19
2025-11-07 03:40,2.18
2025-11-07 03:45,2.17
2025-11-07 03:50,2.21
2025-11-07 03:55,2.28
2025-11-07 04:00,2.22
2025-11-07 04:05,2.23
2025-11-07 04:10,2.24
2025-11-07 04:15,2.23
2025-11-07 04:20,2.27
2025-11-07 04:25,2.28
2025-11-07 04:30,2.25
2025-11-07 04:35,2.22
2025-11-07 04:40,2.25
2025-11-07 04:45,2.29
2025-11-07 04:50,2.21
2025-11-07 04:55,2.2
2025-11-07 05:00,4.14
2025-11-07 05:05,4.03
2025-11-07 05:10,4.03
2025-11-07 05:15,4.14
2025-11-07 05:20,4.27
2025-11-07 05:25,4.07
2025-11-07 05:30,4.22
2025-11-07 05:35,4.03
2025-11-07 05:40,4.22
2025-11-07 05:45,4.2
2025-11-07 05:50,4.18
2025-11-07 05:55,4.25
2025-11-07 06:00,4.17
2025-11-07 06:05,4.08
2025-11-07 06:10,3.91
2025-11-07 06:15,4.12
2025-11-07 06:20,4.3
2025-11-07 06:25,4.06
2025-11-07 06:30,4.17
2025-11-07 06:35,4.05
2025-11-07 06:40,4.25
2025-11-07 06:45,4.02
2025-11-07 06:50,3.97
2025-11-07 06:55,4.13
2025-11-07 07:00,4.25
2025-11-07 07:05,4.27
2025-11-07 07:10,4.14
2025-11-07 07:15,3.93
2025-11-07 07:20,3.94
2025-11-07 07:25,4.22
2025-11-07 07:30,4.28
2025-11-07 07:35,3.93
2025-11-07 07:40,4.18
2025-11-07 07:45,4.01
2025-11-07 07:50,4.22
2025-11-07 07:55,4.13
2025-11-07 08:00,4.29
2025-11-07 08:05,3.92
2025-11-07 08:10,4.2
2025-11-07 08:15,4.24
2025-11-07 08:20,4.13
2025-11-07 08:25,4.04
2025-11-07 08:30,4.29
2025-11-07 08:35,4.19
2025-11-07 08:40,4.09
2025-11-07 08:45,4.25
2025-11-07 08:50,4.08
2025-11-07 08:55,4.28
2025-11-07 09:00,4.24
2025-11-07 09:05,3.95
2025-11-07 09:10,4.07
2025-11-07 09:15,4.07
2025-11-07 09:20,3.96
2025-11-07 09:25,3.91
2025-11-07 09:30,4.1
2025-11-07 09:35,3.99
2025-11-07 09:40,3.94
2025-11-07 09:45,3.97
2025-11-07 09:50,4.01
2025-11-07 09:55,3.93
2025-11-07 10:00,4.0
2025-11-07 10:05,4.03
2025-11-07 10:10,4.25
2025-11-07 10:15,4.05
2025-11-07 10:20,4.24
2025-11-07 10:25,4.21
2025-11-07 10:30,4.08
2025-11-07 10:35,3.98
2025-11-07 10:40,4.28
2025-11-07 10:45,4.14
2025-11-07 10:50,3.91
2025-11-07 10:55,4.07
2025-11-07 11:00,4.14
2025-11-07 11:05,4.04
2025-11-07 11:10,4.11
2025-11-07 11:15,3.98
2025-11-07 11:20,3.94
2025-11-07 11:25,4.12
2025-11-07 11:30,4.11
2025-11-07 11:35,3.95
2025-11-07 11:40,3.97
2025-11-07 11:45,4.2
2025-11-07 11:50,4.11
2025-11-07 11:55,4.29
2025-11-07 12:00,4.29
2025-11-07 12:05,4.0
2025-11-07 12:10,3.95
2025-11-07 12:15,3.99
2025-11-07 12:20,4.11
2025-11-07 12:25,4.24
2025-11-07 12:30,3.92
2025-11-07 12:35,4.1
2025-11-07 12:40,4.21
2025-11-07 12:45,4.05
2025-11-07 12:50,3.96
2025-11-07 12:55,3.91
2025-11-07 13:00,4.28
2025-11-07 13:05,4.22
2025-11-07 13:10,4.17
2025-11-07 13:15,4.1
2025-11-07 13:20,4.02
2025-11-07 13:25,4.3
2025-11-07 13:30,3.9
2025-11-07 13:35,4.02
2025-11-07 13:40,4.28
2025-11-07 13:45,3.98
2025-11-07 13:50,4.11
2025-11-07 13:55,3.98
2025-11-07 14:00,4.16
2025-11-07 14:05,3.99
2025-11-07 14:10,4.19
2025-11-07 14:15,4.23
2025-11-07 14:20,4.09
2025-11-07 14:25,3.99
2025-11-07 14:30,4.29
2025-11-07 14:35,4.12
2025-11-07 14:40,4.01
2025-11-07 14:45,4.13
2025-11-07 14:50,4.17
2025-11-07 14:55,3.99
2025-11-07 15:00,3.96
2025-11-07 15:05,4.01
2025-11-07 15:10,3.92
2025-11-07 15:15,4.25
2025-11-07 15:20,4.04
2025-11-07 15:25,4.11
2025-11-07 15:30,4.0
2025-11-07 15:35,4.12
2025-11-07 15:40,4.09
2025-11-07 15:45,4.13
2025-11-07 15:50,4.09
2025-11-07 15:55,3.9
2025-11-07 16:00,4.25
2025-11-07 16:05,3.91
2025-11-07 16:10,3.92
2025-11-07 16:15,4.14
2025-11-07 16:20,4.13
2025-11-07 16:25,4.05
2025-11-07 16:30,3.91
2025-11-07 16:35,4.3
2025-11-07 16:40,4.26
2025-11-07 16:45,3.96
2025-11-07 16:50,4.14
2025-11-07 16:55,4.17
2025-11-07 17:00,3.97
2025-11-07 17:05,4.11
2025-11-07 17:10,3.94
2025-11-07 17:15,3.98
2025-11-07 17:20,3.98
2025-11-07 17:25,4.06
2025-11-07 17:30,3.97
2025-11-07 17:35,4.3
2025-11-07 17:40,4.1
2025-11-07 17:45,4.17
2025-11-07 17:50,4.03
2025-11-07 17:55,4.03
2025-11-07 18:00,4.21
2025-11-07 18:05,4.0
2025-11-07 18:10,4.16
2025-11-07 18:15,4.11
2025-11-07 18:20,3.99
2025-11-07 18:25,3.97
2025-11-07 18:30,4.27
2025-11-07 18:35,4.12
2025-11-07 18:40,4.08
2025-11-07 18:45,3.93
2025-11-07 18:50,4.12
2025-11-07 18:55,3.91
2025-11-07 19:00,4.07
2025-11-07 19:05,4.24
2025-11-07 19:10,4.13
2025-11-07 19:15,4.04
2025-11-07 19:20,4.18
2025-11-07 19:25,3.94
2025-11-07 19:30,4.1
2025-11-07 19:35,4.23
2025-11-07 19:40,4.01
2025-11-07 19:45,4.14
2025-11-07 19:50,4.25
2025-11-07 19:55,3.93
2025-11-07 20:00,3.96
2025-11-07 20:05,4.11
2025-11-07 20:10,4.25
2025-11-07 20:15,4.27
2025-11-07 20:20,4.23
2025-11-07 20:25,4.19
2025-11-07 20:30,4.1
2025-11-07 20:35,3.97
2025-11-07 20:40,3.98
2025-11-07 20:45,4.29
2025-11-07 20:50,4.22
2025-11-07 20:55,4.07
2025-11-07 21:00,3.99
2025-11-07 21:05,4.16
2025-11-07 21:10,4.14
2025-11-07 21:15,4.01
2025-11-07 21:20,4.01
2025-11-07 21:25,4.28
2025-11-07 21:30,4.06
2025-11-07 21:35,4.17
2025-11-07 21:40,4.07
2025-11-07 21:45,4.2
2025-11-07 21:50,4.05
2025-11-07 21:55,4.0
2025-11-07 22:00,4.1
2025-11-07 22:05,4.09
2025-11-07 22:10,4.15
2025-11-07 22:15,4.06
2025-11-07 22:20,4.12
2025-11-07 22:25,4.21
2025-11-07 22:30,3.91
2025-11-07 22:35,4.2
2025-11-07 22:40,4.22
2025-11-07 22:45,4.14
2025-11-07 22:50,4.09
2025-11-07 22:55,4.19
2025-11-07 23:00,2.27
2025-11-07 23:05,2.12
2025-11-07 23:10,2.17
2025-11-07 23:15,2.13
2025-11-07 23:20,2.15
2025-11-07 23:25,2.13
2025-11-07 23:30,2.23
2025-11-07 23:35,2.23
2025-11-07 23:40,2.3
2025-11-07 23:45,2.24
2025-11-07 23:50,2.11
2025-11-07 23:55,2.15
2025-11-08 00:00,2.29
2025-11-08 00:05,2.27
2025-11-08 00:10,2.28
2025-11-08 00:15,2.11
2025-11-08 00:20,2.23
2025-11-08 00:25,2.15
2025-11-08 00:30,2.28
2025-11-08 00:35,2.21
2025-11-08 00:40,2.14
2025-11-08 00:45,2.22
2025-11-08 00:50,2.25
2025-11-08 00:55,2.19
2025-11-08 01:00,2.15
2025-11-08 01:05,2.24
2025-11-08 01:10,2.27
2025-11-08 01:15,2.26
2025-11-08 01:20,2.11
2025-11-08 01:25,2.15
2025-11-08 01:30,2.23
2025-11-08 01:35,2.22
2025-11-08 01:40,2.11
2025-11-08 01:45,2.11
2025-11-08 01:50,2.24
2025-11-08 01:55,2.11
2025-11-08 02:00,2.25
2025-11-08 02:05,2.21
2025-11-08 02:10,2.11
2025-11-08 02:15,2.19
2025-11-08 02:20,2.21
2025-11-08 02:25,2.16
2025-11-08 02:30,2.25
2025-11-08 02:35,2.29
2025-11-08 02:40,2.26
2025-11-08 02:45,2.26
2025-11-08 02:50,2.3
2025-11-08 02:55,2.23
2025-11-08 03:00,2.17
2025-11-08 03:05,2.13
2025-11-08 03:10,2.15
2025-11-08 03:15,2.22
2025-11-08 03:20,2.2
2025-11-08 03:25,2.14
2025-11-08 03:30,2.19
2025-11-08 03:35,2.21
2025-11-08 03:40,2.18
2025-11-08 03:45,2.14
2025-11-08 03:50,2.15
2025-11-08 03:55,2.22
2025-11-08 04:00,2.22
2025-11-08 04:05,2.18
2025-11-08 04:10,2.13
2025-11-08 04:15,2.3
2025-11-08 04:20,2.22
2025-11-08 04:25,2.2
2025-11-08 04:30,2.21
2025-11-08 04:35,2.15
2025-11-08 04:40,2.18
2025-11-08 04:45,2.17
2025-11-08 04:50,2.3
2025-11-08 04:55,2.25
2025-11-08 05:00,3.94
2025-11-08 05:05,4.13
2025-11-08 05:10,4.21
2025-11-08 05:15,3.91
2025-11-08 05:20,4.21
2025-11-08 05:25,4.27
2025-11-08 05:30,4.24
2025-11-08 05:35,4.11
2025-11-08 05:40,4.04
2025-11-08 05:45,4.0
2025-11-08 05:50,4.13
2025-11-08 05:55,4.24
2025-11-08 06:00,4.23
2025-11-08 06:05,4.11
2025-11-08 06:10,3.93
2025-11-08 06:15,4.14
2025-11-08 06:20,4.09
2025-11-08 06:25,4.22
2025-11-08 06:30,3.96
2025-11-08 06:35,4.16
2025-11-08 06:40,4.26
2025-11-08 06:45,4.15
2025-11-08 06:50,3.98
2025-11-08 06:55,3.93
2025-11-08 07:00,4.11
2025-11-08 07:05,4.24
2025-11-08 07:10,4.04
2025-11-08 07:15,4.22
2025-11-08 07:20,4.16
2025-11-08 07:25,4.02
2025-11-08 07:30,4.28
2025-11-08 07:35,4.27
2025-11-08 07:40,4.07
2025-11-08 07:45,3.96
2025-11-08 07:50,4.04
2025-11-08 07:55,4.27
2025-11-08 08:00,3.96
2025-11-08 08:05,4.11
2025-11-08 08:10,4.23
2025-11-08 08:15,3.96
2025-11-08 08:20,3.92
2025-11-08 08:25,4.14
2025-11-08 08:30,4.18
2025-11-08 08:35,3.91
2025-11-08 08:40,4.05
2025-11-08 08:45,3.91
2025-11-08 08:50,4.11
2025-11-08 08:55,4.0
2025-11-08 09:00,3.99
2025-11-08 09:05,4.03
2025-11-08 09:10,4.11
2025-11-08 09:15,4.23
2025-11-08 09:20,3.93
2025-11-08 09:25,3.99
2025-11-08 09:30,4.29
2025-11-08 09:35,3.98
2025-11-08 09:40,4.04
2025-11-08 09:45,4.22
2025-11-08 09:50,4.09
2025-11-08 09:55,4.22
2025-11-08 10:00,4.22
2025-11-08 10:05,4.01
2025-11-08 10:10,4.21
2025-11-08 10:15,4.1
2025-11-08 10:20,4.23
2025-11-08 10:25,3.92
2025-11-08 10:30,4.12
2025-11-08 10:35,4.24
2025-11-08 10:40,4.12
2025-11-08 10:45,4.16
2025-11-08 10:50,4.1
2025-11-08 10:55,4.22
2025-11-08 11:00,4.18
2025-11-08 11:05,4.1
2025-11-08 11:10,3.94
2025-11-08 11:15,3.95
2025-11-08 11:20,4.29
2025-11-08 11:25,3.98
2025-11-08 11:30,4.08
2025-11-08 11:35,3.99
2025-11-08 11:40,4.1
2025-11-08 11:45,4.26
2025-11-08 11:50,4.22
2025-11-08 11:55,4.2
2025-11-08 12:00,4.22
2025-11-08 12:05,4.04
2025-11-08 12:10,4.19
2025-11-08 12:15,4.26
2025-11-08 12:20,4.18
2025-11-08 12:25,4.0
2025-11-08 12:30,3.95
2025-11-08 12:35,4.27
2025-11-08 12:40,4.14
2025-11-08 12:45,4.21
2025-11-08 12:50,3.91
2025-11-08 12:55,3.93
2025-11-08 13:00,3.98
2025-11-08 13:05,4.17
2025-11-08 13:10,4.08
2025-11-08 13:15,4.23
2025-11-08 13:20,4.18
2025-11-08 13:25,3.99
2025-11-08 13:30,4.1
2025-11-08 13:35,3.95
2025-11-08 13:40,4.24
2025-11-08 13:45,4.03
2025-11-08 13:50,3.93
2025-11-08 13:55,4.04
2025-11-08 14:00,4.0
2025-11-08 14:05,4.29
2025-11-08 14:10,3.97
2025-11-08 14:15,4.13
2025-11-08 14:20,4.14
2025-11-08 14:25,4.11
2025-11-08 14:30,3.98
2025-11-08 14:35,4.3
2025-11-08 14:40,3.92
2025-11-08 14:45,4.07
2025-11-08 14:50,4.27
2025-11-08 14:55,4.14
2025-11-08 15:00,4.13
2025-11-08 15:05,4.08
2025-11-08 15:10,3.91
2025-11-08 15:15,4.2
2025-11-08 15:20,3.95
2025-11-08 15:25,4.03
2025-11-08 15:30,4.19
2025-11-08 15:35,4.21
2025-11-08 15:40,3.97
2025-11-08 15:45,4.28
2025-11-08 15:50,4.19
2025-11-08 15:55,4.04
2025-11-08 16:00,3.98
2025-11-08 16:05,3.99
2025-11-08 16:10,3.99
2025-11-08 16:15,4.05
2025-11-08 16:20,4.21
2025-11-08 16:25,4.22
2025-11-08 16:30,4.04
2025-11-08 16:35,4.19
2025-11-08 16:40,4.1
2025-11-08 16:45,4.19
2025-11-08 16:50,4.14
2025-11-08 16:55,4.24
2025-11-08 17:00,4.23
2025-11-08 17:05,4.2
2025-11-08 17:10,4.24
2025-11-08 17:15,3.92
2025-11-08 17:20,4.02
2025-11-08 17:25,3.99
2025-11-08 17:30,4.1
2025-11-08 17:35,4.11
2025-11-08 17:40,4.19
2025-11-08 17:45,4.12
2025-11-08 17:50,3.92
2025-11-08 17:55,4.2
2025-11-08 18:00,4.25
2025-11-08 18:05,4.19
2025-11-08 18:10,3.94
2025-11-08 18:15,3.93
2025-11-08 18:20,3.91
2025-11-08 18:25,4.22
2025-11-08 18:30,4.0
2025-11-08 18:35,4.26
2025-11-08 18:40,4.3
2025-11-08 18:45,4.16
2025-11-08 18:50,4.28
2025-11-08 18:55,3.93
2025-11-08 19:00,3.97
2025-11-08 19:05,4.27
2025-11-08 19:10,3.9
2025-11-08 19:15,3.9
2025-11-08 19:20,3.92
2025-11-08 19:25,4.3
2025-11-08 19:30,3.95
2025-11-08 19:35,3.93
2025-11-08 19:40,4.24
2025-11-08 19:45,4.27
2025-11-08 19:50,4.2
2025-11-08 19:55,4.07
2025-11-08 20:00,4.22
2025-11-08 20:05,4.11
2025-11-08 20:10,4.25
2025-11-08 20:15,3.93
2025-11-08 20:20,4.09
2025-11-08 20:25,4.19
2025-11-08 20:30,4.16
2025-11-08 20:35,4.07
2025-11-08 20:40,4.1
2025-11-08 20:45,4.22
2025-11-08 20:50,4.23
2025-11-08 20:55,4.22
2025-11-08 21:00,3.95
2025-11-08 21:05,4.04
2025-11-08 21:10,4.27
2025-11-08 21:15,4.14
2025-11-08 21:20,4.13
2025-11-08 21:25,4.13
2025-11-08 21:30,4.13
2025-11-08 21:35,4.04
2025-11-08 21:40,4.1
2025-11-08 21:45,4.3
2025-11-08 21:50,4.07
2025-11-08 21:55,3.96
2025-11-08 22:00,3.96
2025-11-08 22:05,4.2
2025-11-08 22:10,4.14
2025-11-08 22:15,4.14
2025-11-08 22:20,3.95
2025-11-08 22:25,4.18
2025-11-08 22:30,4.16
2025-11-08 22:35,3.97
2025-11-08 22:40,4.11
2025-11-08 22:45,3.94
2025-11-08 22:50,3.97
2025-11-08 22:55,4.17
2025-11-08 23:00,2.15
2025-11-08 23:05,2.12
2025-11-08 23:10,2.22
2025-11-08 23:15,2.14
2025-11-08 23:20,2.21
2025-11-08 23:25,2.15
2025-11-08 23:30,2.3
2025-11-08 23:35,2.16
2025-11-08 23:40,2.28
2025-11-08 23:45,2.13
2025-11-08 23:50,2.21
2025-11-08 23:55,2.1
2025-11-09 00:00,2.17
2025-11-09 00:05,2.28
2025-11-09 00:10,2.16
2025-11-09 00:15,2.25
2025-11-09 00:20,2.13
2025-11-09 00:25,2.2
2025-11-09 00:30,2.11
2025-11-09 00:35,2.21
2025-11-09 00:40,2.19
2025-11-09 00:45,2.16
2025-11-09 00:50,2.12
2025-11-09 00:55,2.15
2025-11-09 01:00,2.12
2025-11-09 01:05,2.18
2025-11-09 01:10,2.16
2025-11-09 01:15,2.23
2025-11-09 01:20,2.22
2025-11-09 01:25,2.2
2025-11-09 01:30,2.14
2025-11-09 01:35,2.19
2025-11-09 01:40,2.26
2025-11-09 01:45,2.13
2025-11-09 01:50,2.24
2025-11-09 01:55,2.27
2025-11-09 02:00,2.25
2025-11-09 02:05,2.14
2025-11-09 02:10,2.24
2025-11-09 02:15,2.23
2025-11-09 02:20,2.15
2025-11-09 02:25,2.17
2025-11-09 02:30,2.27
2025-11-09 02:35,2.18
2025-11-09 02:40,2.2
2025-11-09 02:45,2.22
2025-11-09 02:50,2.22
2025-11-09 02:55,2.23
2025-11-09 03:00,2.23
2025-11-09 03:05,2.17
2025-11-09 03:10,2.27
2025-11-09 03:15,2.25
2025-11-09 03:20,2.15
2025-11-09 03:25,2.19
2025-11-09 03:30,2.13
2025-11-09 03:35,2.2
2025-11-09 03:40,2.21
2025-11-09 03:45,2.26
2025-11-09 03:50,2.29
2025-11-09 03:55,2.29
2025-11-09 04:00,2.1
2025-11-09 04:05,2.19
2025-11-09 04:10,2.17
2025-11-09 04:15,2.19
2025-11-09 04:20,2.27
2025-11-09 04:25,2.12
2025-11-09 04:30,2.15
2025-11-09 04:35,2.13
2025-11-09 04:40,2.2
2025-11-09 04:45,2.21
2025-11-09 04:50,2.18
2025-11-09 04:55,2.13
2025-11-09 05:00,4.2
2025-11-09 05:05,4.05
2025-11-09 05:10,4.18
2025-11-09 05:15,4.09
2025-11-09 05:20,4.2
2025-11-09 05:25,4.07
2025-11-09 05:30,3.94
2025-11-09 05:35,4.1
2025-11-09 05:40,4.06
2025-11-09 05:45,4.1
2025-11-09 05:50,3.96
2025-11-09 05:55,4.25
2025-11-09 06:00,4.18
2025-11-09 06:05,4.25
2025-11-09 06:10,4.0
2025-11-09 06:15,4.26
2025-11-09 06:20,4.03
2025-11-09 06:25,4.27
2025-11-09 06:30,3.92
2025-11-09 06:35,4.18
2025-11-09 06:40,4.22
2025-11-09 06:45,4.11
2025-11-09 06:50,3.97
2025-11-09 06:55,4.16
2025-11-09 07:00,4.12
2025-11-09 07:05,3.98
2025-11-09 07:10,3.98
2025-11-09 07:15,3.95
2025-11-09 07:20,4.12
2025-11-09 07:25,4.0
2025-11-09 07:30,4.21
2025-11-09 07:35,4.15
2025-11-09 07:40,4.03
2025-11-09 07:45,4.01
2025-11-09 07:50,4.04
2025-11-09 07:55,4.17
2025-11-09 08:00,4.22
2025-11-09 08:05,4.27
2025-11-09 08:10,4.19
2025-11-09 08:15,4.28
2025-11-09 08:20,3.98
2025-11-09 08:25,4.13
2025-11-09 08:30,4.15
2025-11-09 08:35,3.94
2025-11-09 08:40,4.18
2025-11-09 08:45,4.27
2025-11-09 08:50,3.95
2025-11-09 08:55,4.2
2025-11-09 09:00,4.07
2025-11-09 09:05,4.09
2025-11-09 09:10,3.91
2025-11-09 09:15,3.97
2025-11-09 09:20,3.97
2025-11-09 09:25,4.23
2025-11-09 09:30,4.19
2025-11-09 09:35,4.08
2025-11-09 09:40,3.93
2025-11-09 09:45,3.91
2025-11-09 09:50,4.24
2025-11-09 09:55,3.97
2025-11-09 10:00,3.97
2025-11-09 10:05,4.2
2025-11-09 10:10,4.19
2025-11-09 10:15,3.98
2025-11-09 10:20,4.13
2025-11-09 10:25,4.22
2025-11-09 10:30,4.26
2025-11-09 10:35,3.94
2025-11-09 10:40,4.07
2025-11-09 10:45,4.14
2025-11-09 10:50,4.04
2025-11-09 10:55,3.92
2025-11-09 11:00,4.05
2025-11-09 11:05,4.29
2025-11-09 11:10,4.09
2025-11-09 11:15,4.19
2025-11-09 11:20,4.3
2025-11-09 11:25,3.96
2025-11-09 11:30,4.17
2025-11-09 11:35,4.16
2025-11-09 11:40,3.97
2025-11-09 11:45,3.94
2025-11-09 11:50,3.92
2025-11-09 11:55,4.18
2025-11-09 12:00,4.1
2025-11-09 12:05,4.23
2025-11-09 12:10,4.2
2025-11-09 12:15,4.29
2025-11-09 12:20,4.23
2025-11-09 12:25,3.98
2025-11-09 12:30,3.99
2025-11-09 12:35,4.24
2025-11-09 12:40,3.91
2025-11-09 12:45,3.93
2025-11-09 12:50,3.93
2025-11-09 12:55,4.0
2025-11-09 13:00,4.13
2025-11-09 13:05,4.3
2025-11-09 13:10,4.0
2025-11-09 13:15,3.93
2025-11-09 13:20,4.08
2025-11-09 13:25,3.92
2025-11-09 13:30,4.08
2025-11-09 13:35,4.26
2025-11-09 13:40,4.02
2025-11-09 13:45,4.24
2025-11-09 13:50,4.14
2025-11-09 13:55,4.23
2025-11-09 14:00,3.99
2025-11-09 14:05,4.13
2025-11-09 14:10,4.19
2025-11-09 14:15,3.94
2025-11-09 14:20,4.05
2025-11-09 14:25,4.29
2025-11-09 14:30,4.16
2025-11-09 14:35,4.02
2025-11-09 14:40,3.94
2025-11-09 14:45,4.1
2025-11-09 14:50,4.07
2025-11-09 14:55,4.22
2025-11-09 15:00,4.15
2025-11-09 15:05,4.16
2025-11-09 15:10,4.03
2025-11-09 15:15,4.05
2025-11-09 15:20,4.2
2025-11-09 15:25,4.03
2025-11-09 15:30,3.96
2025-11-09 15:35,4.03
2025-11-09 15:40,3.96
2025-11-09 15:45,4.16
2025-11-09 15:50,4.16
2025-11-09 15:55,4.22
2025-11-09 16:00,4.2
2025-11-09 16:05,4.11
2025-11-09 16:10,4.29
2025-11-09 16:15,4.19
2025-11-09 16:20,4.06
2025-11-09 16:25,3.97
2025-11-09 16:30,4.18
2025-11-09 16:35,4.15
2025-11-09 16:40,4.14
2025-11-09 16:45,4.03
2025-11-09 16:50,4.03
2025-11-09 16:55,4.28
2025-11-09 17:00,4.14
2025-11-09 17:05,3.93
2025-11-09 17:10,4.09
2025-11-09 17:15,4.0
2025-11-09 17:20,3.94
2025-11-09 17:25,3.97
2025-11-09 17:30,4.28
2025-11-09 17:35,3.95
2025-11-09 17:40,3.98
2025-11-09 17:45,4.04
2025-11-09 17:50,3.94
2025-11-09 17:55,4.17
2025-11-09 18:00,4.17
2025-11-09 18:05,4.02
2025-11-09 18:10,3.94
2025-11-09 18:15,3.98
2025-11-09 18:20,4.04
2025-11-09 18:25,4.25
2025-11-09 18:30,4.27
2025-11-09 18:35,4.18
2025-11-09 18:40,4.02
2025-11-09 18:45,4.24
2025-11-09 18:50,4.22
2025-11-09 18:55,3.97
2025-11-09 19:00,4.24
2025-11-09 19:05,3.92
2025-11-09 19:10,3.97
2025-11-09 19:15,4.21
2025-11-09 19:20,4.14
2025-11-09 19:25,4.06
2025-11-09 19:30,4.15
2025-11-09 19:35,4.21
2025-11-09 19:40,4.25
2025-11-09 19:45,4.16
2025-11-09 19:50,4.13
2025-11-09 19:55,4.06
2025-11-09 20:00,4.24
2025-11-09 20:05,4.28
2025-11-09 20:10,4.04
2025-11-09 20:15,4.07
2025-11-09 20:20,4.27
2025-11-09 20:25,4.04
2025-11-09 20:30,4.22
2025-11-09 20:35,3.93
2025-11-09 20:40,4.21
2025-11-09 20:45,3.93
2025-11-09 20:50,3.99
2025-11-09 20:55,3.96
2025-11-09 21:00,4.11
2025-11-09 21:05,4.27
2025-11-09 21:10,4.0
2025-11-09 21:15,4.26
2025-11-09 21:20,4.02
2025-11-09 21:25,4.19
2025-11-09 21:30,4.0
2025-11-09 21:35,4.11
2025-11-09 21:40,4.09
2025-11-09 21:45,4.11
2025-11-09 21:50,4.0
2025-11-09 21:55,3.94
2025-11-09 22:00,4.05
2025-11-09 22:05,4.07
2025-11-09 22:10,4.08
2025-11-09 22:15,4.28
2025-11-09 22:20,3.92
2025-11-09 22:25,4.02
2025-11-09 22:30,4.01
2025-11-09 22:35,4.29
2025-11-09 22:40,4.11
2025-11-09 22:45,4.26
2025-11-09 22:50,4.25
2025-11-09 22:55,3.93
2025-11-09 23:00,2.27
2025-11-09 23:05,2.13
2025-11-09 23:10,2.29
2025-11-09 23:15,2.12
2025-11-09 23:20,2.14
2025-11-09 23:25,2.18
2025-11-09 23:30,2.17
2025-11-09 23:35,2.11
2025-11-09 23:40,2.26
2025-11-09 23:45,2.11
2025-11-09 23:50,2.18
2025-11-09 23:55,2.21
2025-11-10 00:00,2.2
2025-11-10 00:05,2.26
2025-11-10 00:10,2.19
2025-11-10 00:15,2.16
2025-11-10 00:20,2.21
2025-11-10 00:25,2.17
2025-11-10 00:30,2.15
2025-11-10 00:35,2.13
2025-11-10 00:40,2.29
2025-11-10 00:45,2.11
2025-11-10 00:50,2.18
2025-11-10 00:55,2.18
2025-11-10 01:00,2.17
2025-11-10 01:05,2.14
2025-11-10 01:10,2.2
2025-11-10 01:15,2.18
2025-11-10 01:20,2.11
2025-11-10 01:25,2.14
2025-11-10 01:30,2.13
2025-11-10 01:35,2.27
2025-11-10 01:40,2.25
2025-11-10 01:45,2.27
2025-11-10 01:50,2.25
2025-11-10 01:55,2.26
2025-11-10 02:00,2.24
2025-11-10 02:05,2.23
2025-11-10 02:10,2.3
2025-11-10 02:15,2.22
2025-11-10 02:20,2.13
2025-11-10 02:25,2.19
2025-11-10 02:30,2.12
2025-11-10 02:35,2.16
2025-11-10 02:40,2.15
2025-11-10 02:45,2.21
2025-11-10 02:50,2.12
2025-11-10 02:55,2.24
2025-11-10 03:00,2.1
2025-11-10 03:05,2.16
2025-11-10 03:10,2.15
2025-11-10 03:15,2.14
2025-11-10 03:20,2.13
2025-11-10 03:25,2.28
2025-11-10 03:30,2.26
2025-11-10 03:35,2.17
2025-11-10 03:40,2.15
2025-11-10 03:45,2.1
2025-11-10 03:50,2.23
2025-11-10 03:55,2.22
2025-11-10 04:00,2.13
2025-11-10 04:05,2.14
2025-11-10 04:10,2.23
2025-11-10 04:15,2.12
2025-11-10 04:20,2.24
2025-11-10 04:25,2.11
2025-11-10 04:30,2.1
2025-11-10 04:35,2.11
2025-11-10 04:40,2.2
2025-11-10 04:45,2.13
2025-11-10 04:50,2.19
2025-11-10 04:55,2.12
2025-11-10 05:00,4.15
2025-11-10 05:05,4.16
2025-11-10 05:10,4.01
2025-11-10 05:15,3.98
2025-11-10 05:20,4.05
2025-11-10 05:25,3.95
2025-11-10 05:30,4.13
2025-11-10 05:35,4.01
2025-11-10 05:40,4.06
2025-11-10 05:45,4.25
2025-11-10 05:50,3.97
2025-11-10 05:55,3.95
2025-11-10 06:00,4.06
2025-11-10 06:05,3.97
2025-11-10 06:10,3.95
2025-11-10 06:15,4.04
2025-11-10 06:20,4.01
2025-11-10 06:25,3.93
2025-11-10 06:30,4.09
2025-11-10 06:35,4.0
2025-11-10 06:40,4.24
2025-11-10 06:45,3.98
2025-11-10 06:50,4.21
2025-11-10 06:55,4.03
2025-11-10 07:00,4.24
2025-11-10 07:05,3.92
2025-11-10 07:10,4.1
2025-11-10 07:15,4.16
2025-11-10 07:20,4.15
2025-11-10 07:25,4.02
2025-11-10 07:30,4.0
2025-11-10 07:35,4.13
2025-11-10 07:40,4.05
2025-11-10 07:45,3.92
2025-11-10 07:50,3.9
2025-11-10 07:55,3.95
2025-11-10 08:00,3.93
2025-11-10 08:05,4.02
2025-11-10 08:10,4.23
2025-11-10 08:15,4.19
2025-11-10 08:20,4.14
2025-11-10 08:25,4.13
2025-11-10 08:30,4.23
2025-11-10 08:35,3.91
2025-11-10 08:40,4.07
2025-11-10 08:45,3.95
2025-11-10 08:50,4.13
2025-11-10 08:55,4.19
2025-11-10 09:00,4.22
2025-11-10 09:05,3.93
2025-11-10 09:10,4.22
2025-11-10 09:15,4.07
2025-11-10 09:20,4.07
2025-11-10 09:25,4.29
2025-11-10 09:30,4.22
2025-11-10 09:35,4.27
2025-11-10 09:40,4.0
2025-11-10 09:45,4.15
2025-11-10 09:50,4.21
2025-11-10 09:55,4.26
2025-11-10 10:00,4.06
2025-11-10 10:05,4.05
2025-11-10 10:10,4.18
2025-11-10 10:15,4.24
2025-11-10 10:20,4.16
2025-11-10 10:25,3.99
2025-11-10 10:30,4.2
2025-11-10 10:35,4.29
2025-11-10 10:40,4.03
2025-11-10 10:45,3.96
2025-11-10 10:50,4.07
2025-11-10 10:55,3.97
2025-11-10 11:00,4.21
2025-11-10 11:05,4.19
2025-11-10 11:10,4.15
2025-11-10 11:15,4.02
2025-11-10 11:20,4.14
2025-11-10 11:25,4.27
2025-11-10 11:30,4.0
2025-11-10 11:35,4.16
2025-11-10 11:40,4.21
2025-11-10 11:45,3.91
2025-11-10 11:50,4.02
2025-11-10 11:55,4.2
2025-11-10 12:00,4.14
2025-11-10 12:05,4.08
2025-11-10 12:10,4.29
2025-11-10 12:15,3.94
2025-11-10 12:20,4.22
2025-11-10 12:25,4.29
2025-11-10 12:30,4.12
2025-11-10 12:35,4.26
2025-11-10 12:40,4.2
2025-11-10 12:45,4.24
2025-11-10 12:50,3.96
2025-11-10 12:55,4.26
2025-11-10 13:00,4.04
2025-11-10 13:05,4.29
2025-11-10 13:10,4.26
2025-11-10 13:15,4.29
2025-11-10 13:20,4.15
2025-11-10 13:25,4.14
2025-11-10 13:30,3.95
2025-11-10 13:35,3.92
2025-11-10 13:40,4.17
2025-11-10 13:45,3.99
2025-11-10 13:50,3.96
2025-11-10 13:55,4.04
2025-11-10 14:00,4.26
2025-11-10 14:05,3.99
2025-11-10 14:10,4.05
2025-11-10 14:15,4.09
2025-11-10 14:20,4.08
2025-11-10 14:25,4.17
2025-11-10 14:30,3.98
2025-11-10 14:35,3.98
2025-11-10 14:40,4.13
2025-11-10 14:45,4.17
2025-11-10 14:50,3.98
2025-11-10 14:55,4.05
2025-11-10 15:00,3.99
2025-11-10 15:05,3.91
2025-11-10 15:10,4.17
2025-11-10 15:15,3.95
2025-11-10 15:20,4.25
2025-11-10 15:25,4.21
2025-11-10 15:30,4.14
2025-11-10 15:35,4.26
2025-11-10 15:40,3.92
2025-11-10 15:45,4.1
2025-11-10 15:50,3.96
2025-11-10 15:55,4.19
2025-11-10 16:00,4.11
2025-11-10 16:05,3.94
2025-11-10 16:10,3.92
2025-11-10 16:15,4.29
2025-11-10 16:20,4.14
2025-11-10 16:25,4.08
2025-11-10 16:30,4.22
2025-11-10 16:35,4.21
2025-11-10 16:40,4.2
2025-11-10 16:45,4.22
2025-11-10 16:50,4.19
2025-11-10 16:55,4.22
2025-11-10 17:00,4.11
2025-11-10 17:05,4.0
2025-11-10 17:10,4.12
2025-11-10 17:15,4.26
2025-11-10 17:20,4.02
2025-11-10 17:25,3.91
2025-11-10 17:30,4.03
2025-11-10 17:35,4.08
2025-11-10 17:40,4.25
2025-11-10 17:45,4.04
2025-11-10 17:50,4.14
2025-11-10 17:55,4.05
2025-11-10 18:00,4.07
2025-11-10 18:05,4.19
2025-11-10 18:10,3.93
2025-11-10 18:15,4.25
2025-11-10 18:20,3.96
2025-11-10 18:25,4.28
2025-11-10 18:30,4.03
2025-11-10 18:35,4.14
2025-11-10 18:40,3.93
2025-11-10 18:45,4.18
2025-11-10 18:50,4.05
2025-11-10 18:55,4.14
2025-11-10 19:00,3.92
2025-11-10 19:05,3.92
2025-11-10 19:10,4.27
2025-11-10 19:15,4.17
2025-11-10 19:20,4.08
2025-11-10 19:25,4.25
2025-11-10 19:30,4.27
2025-11-10 19:35,4.01
2025-11-10 19:40,4.19
2025-11-10 19:45,4.13
2025-11-10 19:50,3.94
2025-11-10 19:55,3.91
2025-11-10 20:00,4.01
2025-11-10 20:05,4.01
2025-11-10 20:10,3.91
2025-11-10 20:15,4.08
2025-11-10 20:20,3.97
2025-11-10 20:25,4.0
2025-11-10 20:30,4.01
2025-11-10 20:35,4.29
2025-11-10 20:40,4.0
2025-11-10 20:45,4.22
2025-11-10 20:50,4.07
2025-11-10 20:55,4.01
2025-11-10 21:00,3.93
2025-11-10 21:05,4.08
2025-11-10 21:10,4.05
2025-11-10 21:15,4.11
2025-11-10 21:20,4.09
2025-11-10 21:25,4.27
2025-11-10 21:30,4.28
2025-11-10 21:35,4.24
2025-11-10 21:40,4.05
2025-11-10 21:45,4.24
2025-11-10 21:50,4.11
2025-11-10 21:55,4.15
2025-11-10 22:00,4.01
2025-11-10 22:05,4.19
2025-11-10 22:10,4.19
2025-11-10 22:15,4.11
2025-11-10 22:20,4.18
2025-11-10 22:25,4.25
2025-11-10 22:30,3.99
2025-11-10 22:35,3.99
2025-11-10 22:40,4.23
2025-11-10 22:45,4.14
2025-11-10 22:50,4.15
2025-11-10 22:55,4.09
2025-11-10 23:00,2.17
2025-11-10 23:05,2.11
2025-11-10 23:10,2.24
2025-11-10 23:15,2.22
2025-11-10 23:20,2.26
2025-11-10 23:25,2.13
2025-11-10 23:30,2.24
2025-11-10 23:35,2.16
2025-11-10 23:40,2.23
2025-11-10 23:45,2.29
2025-11-10 23:50,2.16
2025-11-10 23:55,2.19
2025-11-11 00:00,2.29
2025-11-11 00:05,2.18
2025-11-11 00:10,2.27
2025-11-11 00:15,2.26
2025-11-11 00:20,2.17
2025-11-11 00:25,2.13
2025-11-11 00:30,2.16
2025-11-11 00:35,2.1
2025-11-11 00:40,2.14
2025-11-11 00:45,2.27
2025-11-11 00:50,2.24
2025-11-11 00:55,2.21
2025-11-11 01:00,2.25
2025-11-11 01:05,2.27
2025-11-11 01:10,2.14
2025-11-11 01:15,2.16
2025-11-11 01:20,2.15
2025-11-11 01:25,2.12
2025-11-11 01:30,2.3
2025-11-11 01:35,2.22
2025-11-11 01:40,2.18
2025-11-11 01:45,2.22
2025-11-11 01:50,2.28
2025-11-11 01:55,2.22
2025-11-11 02:00,2.14
2025-11-11 02:05,2.23
2025-11-11 02:10,2.3
2025-11-11 02:15,2.13
2025-11-11 02:20,2.13
2025-11-11 02:25,2.2
2025-11-11 02:30,2.2
2025-11-11 02:35,2.22
2025-11-11 02:40,2.13
2025-11-11 02:45,2.18
2025-11-11 02:50,2.24
2025-11-11 02:55,2.19
2025-11-11 03:00,2.14
2025-11-11 03:05,2.1
2025-11-11 03:10,2.2
2025-11-11 03:15,2.28
2025-11-11 03:20,2.2
2025-11-11 03:25,2.25
2025-11-11 03:30,2.22
2025-11-11 03:35,2.17
2025-11-11 03:40,2.27
2025-11-11 03:45,2.29
2025-11-11 03:50,2.19
2025-11-11 03:55,2.11
2025-11-11 04:00,2.19
2025-11-11 04:05,2.1
2025-11-11 04:10,2.28
2025-11-11 04:15,2.17
2025-11-11 04:20,2.22
2025-11-11 04:25,2.24
2025-11-11 04:30,2.21
2025-11-11 04:35,2.22
2025-11-11 04:40,2.11
2025-11-11 04:45,2.2
2025-11-11 04:50,2.19
2025-11-11 04:55,2.3
2025-11-11 05:00,4.01
2025-11-11 05:05,4.28
2025-11-11 05:10,4.18
2025-11-11 05:15,4.11
2025-11-11 05:20,3.94
2025-11-11 05:25,4.27
2025-11-11 05:30,3.94
2025-11-11 05:35,4.03
2025-11-11 05:40,4.15
2025-11-11 05:45,4.09
2025-11-11 05:50,3.98
2025-11-11 05:55,3.9
2025-11-11 06:00,4.21
2025-11-11 06:05,4.29
2025-11-11 06:10,4.21
2025-11-11 06:15,4.12
2025-11-11 06:20,4.01
2025-11-11 06:25,4.15
2025-11-11 06:30,4.09
2025-11-11 06:35,4.22
2025-11-11 06:40,4.23
2025-11-11 06:45,4.27
2025-11-11 06:50,4.24
2025-11-11 06:55,4.02
2025-11-11 07:00,4.26
2025-11-11 07:05,4.23
2025-11-11 07:10,4.04
2025-11-11 07:15,4.24
2025-11-11 07:20,4.23
2025-11-11 07:25,4.03
2025-11-11 07:30,4.19
2025-11-11 07:35,4.07
2025-11-11 07:40,4.15
2025-11-11 07:45,3.95
2025-11-11 07:50,3.95
2025-11-11 07:55,4.04
2025-11-11 08:00,3.98
2025-11-11 08:05,4.01
2025-11-11 08:10,3.91
2025-11-11 08:15,4.23
2025-11-11 08:20,4.29
2025-11-11 08:25,3.98
2025-11-11 08:30,4.19
2025-11-11 08:35,3.92
2025-11-11 08:40,4.2
2025-11-11 08:45,4.27
2025-11-11 08:50,4.26
2025-11-11 08:55,3.96
2025-11-11 09:00,4.14
2025-11-11 09:05,4.22
2025-11-11 09:10,4.09
2025-11-11 09:15,3.91
2025-11-11 09:20,3.99
2025-11-11 09:25,3.94
2025-11-11 09:30,4.24
2025-11-11 09:35,4.03
2025-11-11 09:40,4.01
2025-11-11 09:45,4.09
2025-11-11 09:50,3.96
2025-11-11 09:55,4.02
2025-11-11 10:00,4.1
2025-11-11 10:05,4.1
2025-11-11 10:10,4.07
2025-11-11 10:15,4.22
2025-11-11 10:20,4.16
2025-11-11 10:25,4.17
2025-11-11 10:30,4.22
2025-11-11 10:35,3.96
2025-11-11 10:40,4.06
2025-11-11 10:45,4.04
2025-11-11 10:50,4.03
2025-11-11 10:55,4.13
2025-11-11 11:00,3.97
2025-11-11 11:05,4.22
2025-11-11 11:10,4.04
2025-11-11 11:15,3.91
2025-11-11 11:20,4.13
2025-11-11 11:25,4.3
2025-11-11 11:30,3.92
2025-11-11 11:35,4.24
2025-11-11 11:40,4.28
2025-11-11 11:45,4.21
2025-11-11 11:50,3.94
2025-11-11 11:55,4.25
2025-11-11 12:00,4.14
2025-11-11 12:05,4.22
2025-11-11 12:10,4.15
2025-11-11 12:15,4.26
2025-11-11 12:20,3.98
2025-11-11 12:25,4.02
2025-11-11 12:30,3.93
2025-11-11 12:35,3.95
2025-11-11 12:40,4.27
2025-11-11 12:45,3.93
2025-11-11 12:50,4.28
2025-11-11 12:55,4.07
2025-11-11 13:00,4.17
2025-11-11 13:05,3.99
2025-11-11 13:10,4.09
2025-11-11 13:15,4.24
2025-11-11 13:20,3.9
2025-11-11 13:25,4.0
2025-11-11 13:30,4.15
2025-11-11 13:35,4.1
2025-11-11 13:40,4.11
2025-11-11 13:45,4.22
2025-11-11 13:50,4.08
2025-11-11 13:55,4.25
2025-11-11 14:00,4.24
2025-11-11 14:05,3.94
2025-11-11 14:10,3.92
2025-11-11 14:15,4.07
2025-11-11 14:20,3.91
2025-11-11 14:25,3.92
2025-11-11 14:30,4.25
2025-11-11 14:35,3.95
2025-11-11 14:40,4.01
2025-11-11 14:45,3.92
2025-11-11 14:50,4.11
2025-11-11 14:55,3.96
2025-11-11 15:00,4.28
2025-11-11 15:05,4.15
2025-11-11 15:10,4.12
2025-11-11 15:15,3.99
2025-11-11 15:20,4.15
2025-11-11 15:25,4.15
2025-11-11 15:30,4.18
2025-11-11 15:35,3.94
2025-11-11 15:40,3.92
2025-11-11 15:45,4.01
2025-11-11 15:50,4.05
2025-11-11 15:55,4.09
2025-11-11 16:00,4.21
2025-11-11 16:05,4.21
2025-11-11 16:10,3.96
2025-11-11 16:15,4.01
2025-11-11 16:20,4.25
2025-11-11 16:25,4.23
2025-11-11 16:30,3.94
2025-11-11 16:35,4.29
2025-11-11 16:40,4.24
2025-11-11 16:45,4.24
2025-11-11 16:50,4.16
2025-11-11 16:55,4.28
2025-11-11 17:00,4.19
2025-11-11 17:05,4.14
2025-11-11 17:10,4.22
2025-11-11 17:15,4.18
2025-11-11 17:20,4.19
2025-11-11 17:25,4.2
2025-11-11 17:30,4.02
2025-11-11 17:35,4.26
2025-11-11 17:40,4.18
2025-11-11 17:45,4.23
2025-11-11 17:50,4.14
2025-11-11 17:55,4.2
2025-11-11 18:00,4.13
2025-11-11 18:05,4.02
2025-11-11 18:10,4.23
2025-11-11 18:15,4.02
2025-11-11 18:20,4.25
2025-11-11 18:25,4.17
2025-11-11 18:30,4.14
2025-11-11 18:35,4.12
2025-11-11 18:40,4.2
2025-11-11 18:45,4.11
2025-11-11 18:50,4.29
2025-11-11 18:55,4.11
2025-11-11 19:00,4.14
2025-11-11 19:05,4.02
2025-11-11 19:10,4.16
2025-11-11 19:15,4.11
2025-11-11 19:20,3.93
2025-11-11 19:25,4.14
2025-11-11 19:30,4.18
2025-11-11 19:35,4.16
2025-11-11 19:40,4.07
2025-11-11 19:45,4.0
2025-11-11 19:50,4.09
2025-11-11 19:55,4.24
2025-11-11 20:00,3.92
2025-11-11 20:05,3.93
2025-11-11 20:10,3.92
2025-11-11 20:15,3.99
2025-11-11 20:20,4.14
2025-11-11 20:25,4.07
2025-11-11 20:30,3.93
2025-11-11 20:35,4.25
2025-11-11 20:40,3.98
2025-11-11 20:45,3.99
2025-11-11 20:50,4.03
2025-11-11 20:55,4.09
2025-11-11 21:00,4.13
2025-11-11 21:05,3.99
2025-11-11 21:10,4.0
2025-11-11 21:15,4.29
2025-11-11 21:20,3.99
2025-11-11 21:25,4.07
2025-11-11 21:30,4.24
2025-11-11 21:35,3.91
2025-11-11 21:40,4.24
2025-11-11 21:45,4.29
2025-11-11 21:50,4.17
2025-11-11 21:55,4.24
2025-11-11 22:00,4.08
2025-11-11 22:05,4.07
2025-11-11 22:10,4.02
2025-11-11 22:15,4.27
2025-11-11 22:20,4.01
2025-11-11 22:25,4.02
2025-11-11 22:30,4.17
2025-11-11 22:35,4.26
2025-11-11 22:40,4.0
2025-11-11 22:45,4.11
2025-11-11 22:50,4.14
2025-11-11 22:55,3.97
2025-11-11 23:00,2.17
2025-11-11 23:05,2.2
2025-11-11 23:10,2.24
2025-11-11 23:15,2.24
2025-11-11 23:20,2.23
2025-11-11 23:25,2.11
2025-11-11 23:30,2.29
2025-11-11 23:35,2.14
2025-11-11 23:40,2.3
2025-11-11 23:45,2.2
2025-11-11 23:50,2.12
2025-11-11 23:55,2.26
2025-11-12 00:00,2.13
2025-11-12 00:05,2.11
2025-11-12 00:10,2.12
2025-11-12 00:15,2.29
2025-11-12 00:20,2.22
2025-11-12 00:25,2.14
2025-11-12 00:30,2.16
2025-11-12 00:35,2.19
2025-11-12 00:40,2.17
2025-11-12 00:45,2.14
2025-11-12 00:50,2.14
2025-11-12 00:55,2.19
2025-11-12 01:00,2.2
2025-11-12 01:05,2.22
2025-11-12 01:10,2.23
2025-11-12 01:15,2.16
2025-11-12 01:20,2.18
2025-11-12 01:25,2.13
2025-11-12 01:30,2.25
2025-11-12 01:35,2.27
2025-11-12 01:40,2.21
2025-11-12 01:45,2.2
2025-11-12 01:50,2.28
2025-11-12 01:55,2.22
2025-11-12 02:00,2.25
2025-11-12 02:05,2.15
2025-11-12 02:10,2.16
2025-11-12 02:15,2.24
2025-11-12 02:20,2.28
2025-11-12 02:25,2.29
2025-11-12 02:30,2.12
2025-11-12 02:35,2.24
2025-11-12 02:40,2.23
2025-11-12 02:45,2.18
2025-11-12 02:50,2.28
2025-11-12 02:55,2.12
2025-11-12 03:00,2.17
2025-11-12 03:05,2.24
2025-11-12 03:10,2.25
2025-11-12 03:15,2.11
2025-11-12 03:20,2.26
2025-11-12 03:25,2.11
2025-11-12 03:30,2.12
2025-11-12 03:35,2.27
2025-11-12 03:40,2.26
2025-11-12 03:45,2.19
2025-11-12 03:50,2.24
2025-11-12 03:55,2.15
2025-11-12 04:00,2.2
2025-11-12 04:05,2.13
2025-11-12 04:10,2.22
2025-11-12 04:15,2.13
2025-11-12 04:20,2.21
2025-11-12 04:25,2.13
2025-11-12 04:30,2.1
2025-11-12 04:35,2.13
2025-11-12 04:40,2.13
2025-11-12 04:45,2.29
2025-11-12 04:50,2.26
2025-11-12 04:55,2.25
2025-11-12 05:00,4.22
2025-11-12 05:05,4.01
2025-11-12 05:10,4.2
2025-11-12 05:15,4.18
2025-11-12 05:20,3.93
2025-11-12 05:25,4.29
2025-11-12 05:30,4.09
2025-11-12 05:35,3.94
2025-11-12 05:40,4.01
2025-11-12 05:45,4.15
2025-11-12 05:50,4.01
2025-11-12 05:55,4.05
2025-11-12 06:00,4.05
2025-11-12 06:05,4.01
2025-11-12 06:10,4.15
2025-11-12 06:15,4.23
2025-11-12 06:20,4.1
2025-11-12 06:25,4.01
2025-11-12 06:30,3.9
2025-11-12 06:35,4.29
2025-11-12 06:40,4.25
2025-11-12 06:45,4.28
2025-11-12 06:50,3.96
2025-11-12 06:55,4.07
2025-11-12 07:00,4.24
2025-11-12 07:05,4.25
2025-11-12 07:10,3.96
2025-11-12 07:15,4.11
2025-11-12 07:20,3.91
2025-11-12 07:25,4.19
2025-11-12 07:30,4.06
2025-11-12 07:35,4.01
2025-11-12 07:40,4.09
2025-11-12 07:45,4.23
2025-11-12 07:50,3.92
2025-11-12 07:55,3.91
2025-11-12 08:00,4.24
2025-11-12 08:05,4.01
2025-11-12 08:10,4.3
2025-11-12 08:15,3.97
2025-11-12 08:20,4.23
2025-11-12 08:25,4.16
2025-11-12 08:30,4.03
2025-11-12 08:35,4.24
2025-11-12 08:40,3.92
2025-11-12 08:45,3.93
2025-11-12 08:50,4.07
2025-11-12 08:55,4.23
2025-11-12 09:00,4.08
2025-11-12 09:05,4.2
2025-11-12 09:10,3.92
2025-11-12 09:15,4.26
2025-11-12 09:20,4.18
2025-11-12 09:25,4.16
2025-11-12 09:30,4.19
2025-11-12 09:35,4.16
2025-11-12 09:40,4.03
2025-11-12 09:45,3.97
2025-11-12 09:50,4.19
2025-11-12 09:55,4.25
2025-11-12 10:00,4.15
2025-11-12 10:05,4.11
2025-11-12 10:10,4.23
2025-11-12 10:15,4.06
2025-11-12 10:20,3.98
2025-11-12 10:25,4.02
2025-11-12 10:30,4.14
2025-11-12 10:35,3.93
2025-11-12 10:40,4.21
2025-11-12 10:45,4.11
2025-11-12 10:50,4.04
2025-11-12 10:55,3.97
2025-11-12 11:00,4.13
2025-11-12 11:05,4.09
2025-11-12 11:10,4.16
2025-11-12 11:15,4.17
2025-11-12 11:20,4.22
2025-11-12 11:25,4.27
2025-11-12 11:30,4.04
2025-11-12 11:35,4.02
2025-11-12 11:40,3.98
2025-11-12 11:45,4.2
2025-11-12 11:50,4.08
2025-11-12 11:55,4.06
2025-11-12 12:00,4.13
2025-11-12 12:05,4.05
2025-11-12 12:10,3.98
2025-11-12 12:15,4.13
2025-11-12 12:20,4.1
2025-11-12 12:25,4.01
2025-11-12 12:30,3.99
2025-11-12 12:35,4.19
2025-11-12 12:40,4.19
2025-11-12 12:45,4.01
2025-11-12 12:50,4.01
2025-11-12 12:55,4.05
2025-11-12 13:00,3.99
2025-11-12 13:05,4.13
2025-11-12 13:10,3.94
2025-11-12 13:15,4.07
2025-11-12 13:20,4.2
2025-11-12 13:25,4.28
2025-11-12 13:30,4.1
2025-11-12 13:35,4.1
2025-11-12 13:40,4.0
2025-11-12 13:45,4.25
2025-11-12 13:50,4.11
2025-11-12 13:55,4.04
2025-11-12 14:00,3.92
2025-11-12 14:05,4.02
2025-11-12 14:10,4.13
2025-11-12 14:15,4.24
2025-11-12 14:20,4.11
2025-11-12 14:25,3.92
2025-11-12 14:30,3.92
2025-11-12 14:35,4.24
2025-11-12 14:40,4.24
2025-11-12 14:45,3.93
2025-11-12 14:50,4.08
2025-11-12 14:55,4.08
2025-11-12 15:00,4.27
2025-11-12 15:05,4.12
2025-11-12 15:10,4.2
2025-11-12 15:15,4.17
2025-11-12 15:20,4.29
2025-11-12 15:25,4.01
2025-11-12 15:30,4.2
2025-11-12 15:35,4.03
2025-11-12 15:40,4.14
2025-11-12 15:45,3.9
2025-11-12 15:50,4.16
2025-11-12 15:55,3.98
2025-11-12 16:00,3.97
2025-11-12 16:05,3.99
2025-11-12 16:10,4.25
2025-11-12 16:15,3.91
2025-11-12 16:20,4.0
2025-11-12 16:25,3.94
2025-11-12 16:30,4.06
2025-11-12 16:35,3.99
2025-11-12 16:40,4.17
2025-11-12 16:45,4.05
2025-11-12 16:50,4.28
2025-11-12 16:55,4.15
2025-11-12 17:00,4.17
2025-11-12 17:05,4.09
2025-11-12 17:10,4.06
2025-11-12 17:15,4.21
2025-11-12 17:20,4.18
2025-11-12 17:25,4.08
2025-11-12 17:30,4.04
2025-11-12 17:35,4.19
2025-11-12 17:40,4.19
2025-11-12 17:45,4.17
2025-11-12 17:50,4.3
2025-11-12 17:55,4.04
2025-11-12 18:00,3.97
2025-11-12 18:05,4.3
2025-11-12 18:10,4.03
2025-11-12 18:15,3.98
2025-11-12 18:20,4.25
2025-11-12 18:25,3.92
2025-11-12 18:30,4.06
2025-11-12 18:35,4.05
2025-11-12 18:40,4.12
2025-11-12 18:45,4.1
2025-11-12 18:50,4.27
2025-11-12 18:55,3.98
2025-11-12 19:00,4.0
2025-11-12 19:05,4.3
2025-11-12 19:10,4.12
2025-11-12 19:15,4.01
2025-11-12 19:20,4.1
2025-11-12 19:25,4.21
2025-11-12 19:30,4.25
2025-11-12 19:35,3.97
2025-11-12 19:40,3.95
2025-11-12 19:45,3.97
2025-11-12 19:50,4.21
2025-11-12 19:55,4.0
2025-11-12 20:00,4.16
2025-11-12 20:05,4.02
2025-11-12 20:10,3.93
2025-11-12 20:15,4.2
2025-11-12 20:20,4.07
2025-11-12 20:25,3.93
2025-11-12 20:30,4.04
2025-11-12 20:35,4.0
2025-11-12 20:40,3.91
2025-11-12 20:45,3.93
2025-11-12 20:50,4.12
2025-11-12 20:55,4.13
2025-11-12 21:00,4.08
2025-11-12 21:05,4.0
2025-11-12 21:10,3.91
2025-11-12 21:15,4.03
2025-11-12 21:20,4.1
2025-11-12 21:25,4.27
2025-11-12 21:30,4.18
2025-11-12 21:35,3.97
2025-11-12 21:40,3.9
2025-11-12 21:45,4.1
2025-11-12 21:50,3.95
2025-11-12 21:55,4.05
2025-11-12 22:00,4.22
2025-11-12 22:05,4.12
2025-11-12 22:10,4.26
2025-11-12 22:15,4.25
2025-11-12 22:20,4.26
2025-11-12 22:25,4.06
2025-11-12 22:30,3.91
2025-11-12 22:35,4.21
2025-11-12 22:40,3.99
2025-11-12 22:45,4.22
2025-11-12 22:50,4.14
2025-11-12 22:55,3.95
2025-11-12 23:00,2.12
2025-11-12 23:05,2.29
2025-11-12 23:10,2.21
2025-11-12 23:15,2.13
2025-11-12 23:20,2.29
2025-11-12 23:25,2.14
2025-11-12 23:30,2.28
2025-11-12 23:35,2.16
2025-11-12 23:40,2.23
2025-11-12 23:45,2.23
2025-11-12 23:50,2.16
2025-11-12 23:55,2.21
2025-11-13 00:00,2.18
2025-11-13 00:05,2.17
2025-11-13 00:10,2.24
2025-11-13 00:15,2.23
2025-11-13 00:20,2.26
2025-11-13 00:25,2.24
2025-11-13 00:30,2.3
2025-11-13 00:35,2.17
2025-11-13 00:40,2.29
2025-11-13 00:45,2.16
2025-11-13 00:50,2.27
2025-11-13 00:55,2.26
2025-11-13 01:00,2.15
2025-11-13 01:05,2.23
2025-11-13 01:10,2.28
2025-11-13 01:15,2.26
2025-11-13 01:20,2.18
2025-11-13 01:25,2.17
2025-11-13 01:30,2.24
2025-11-13 01:35,2.26
2025-11-13 01:40,2.11
2025-11-13 01:45,2.25
2025-11-13 01:50,2.1
2025-11-13 01:55,2.26
2025-11-13 02:00,2.2
2025-11-13 02:05,2.21
2025-11-13 02:10,2.15
2025-11-13 02:15,2.3
2025-11-13 02:20,2.17
2025-11-13 02:25,2.27
2025-11-13 02:30,2.11
2025-11-13 02:35,2.24
2025-11-13 02:40,2.13
2025-11-13 02:45,2.17
2025-11-13 02:50,2.21
2025-11-13 02:55,2.22
2025-11-13 03:00,2.11
2025-11-13 03:05,2.21
2025-11-13 03:10,2.21
2025-11-13 03:15,2.19
2025-11-13 03:20,2.29
2025-11-13 03:25,2.11
2025-11-13 03:30,2.23
2025-11-13 03:35,2.15
2025-11-13 03:40,2.23
2025-11-13 03:45,2.2
2025-11-13 03:50,2.1
2025-11-13 03:55,2.22
2025-11-13 04:00,2.24
2025-11-13 04:05,2.11
2025-11-13 04:10,2.18
2025-11-13 04:15,2.18
2025-11-13 04:20,2.29
2025-11-13 04:25,2.24
2025-11-13 04:30,2.15
2025-11-13 04:35,2.19
2025-11-13 04:40,2.23
2025-11-13 04:45,2.12
2025-11-13 04:50,2.29
2025-11-13 04:55,2.17
2025-11-13 05:00,3.99
2025-11-13 05:05,4.0
2025-11-13 05:10,4.25
2025-11-13 05:15,4.29
2025-11-13 05:20,4.15
2025-11-13 05:25,3.96
2025-11-13 05:30,4.09
2025-11-13 05:35,4.04
2025-11-13 05:40,4.22
2025-11-13 05:45,4.28
2025-11-13 05:50,3.93
2025-11-13 05:55,4.25
2025-11-13 06:00,4.29
2025-11-13 06:05,4.28
2025-11-13 06:10,3.94
2025-11-13 06:15,4.29
2025-11-13 06:20,4.0
2025-11-13 06:25,4.06
2025-11-13 06:30,4.07
2025-11-13 06:35,4.15
2025-11-13 06:40,4.1
2025-11-13 06:45,4.11
2025-11-13 06:50,4.24
2025-11-13 06:55,4.05
2025-11-13 07:00,4.13
2025-11-13 07:05,4.24
2025-11-13 07:10,4.05
2025-11-13 07:15,3.96
2025-11-13 07:20,4.11
2025-11-13 07:25,3.91
2025-11-13 07:30,3.95
2025-11-13 07:35,4.12
2025-11-13 07:40,4.2
2025-11-13 07:45,4.1
2025-11-13 07:50,4.25
2025-11-13 07:55,3.99
2025-11-13 08:00,4.14
2025-11-13 08:05,4.15
2025-11-13 08:10,4.06
2025-11-13 08:15,4.03
2025-11-13 08:20,4.3
2025-11-13 08:25,4.14
2025-11-13 08:30,4.29
2025-11-13 08:35,4.01
2025-11-13 08:40,4.14
2025-11-13 08:45,4.07
2025-11-13 08:50,3.97
2025-11-13 08:55,4.07
2025-11-13 09:00,3.93
2025-11-13 09:05,4.11
2025-11-13 09:10,4.2
2025-11-13 09:15,4.13
2025-11-13 09:20,4.2
2025-11-13 09:25,4.15
2025-11-13 09:30,4.28
2025-11-13 09:35,3.94
2025-11-13 09:40,3.91
2025-11-13 09:45,4.2
2025-11-13 09:50,4.25
2025-11-13 09:55,4.2
2025-11-13 10:00,4.16
2025-11-13 10:05,4.08
2025-11-13 10:10,4.26
2025-11-13 10:15,4.15
2025-11-13 10:20,3.95
2025-11-13 10:25,4.25
2025-11-13 10:30,3.99
2025-11-13 10:35,4.08
2025-11-13 10:40,3.93
2025-11-13 10:45,4.14
2025-11-13 10:50,4.26
2025-11-13 10:55,4.01
2025-11-13 11:00,3.9
2025-11-13 11:05,4.03
2025-11-13 11:10,4.27
2025-11-13 11:15,4.08
2025-11-13 11:20,4.02
2025-11-13 11:25,4.09
2025-11-13 11:30,3.99
2025-11-13 11:35,4.06
2025-11-13 11:40,3.96
2025-11-13 11:45,3.98
2025-11-13 11:50,4.15
2025-11-13 11:55,4.12
2025-11-13 12:00,4.05
2025-11-13 12:05,4.16
2025-11-13 12:10,4.19
2025-11-13 12:15,4.27
2025-11-13 12:20,3.91
2025-11-13 12:25,4.29
2025-11-13 12:30,4.07
2025-11-13 12:35,3.98
2025-11-13 12:40,3.93
2025-11-13 12:45,4.06
2025-11-13 12:50,4.3
2025-11-13 12:55,4.0
2025-11-13 13:00,4.12
2025-11-13 13:05,3.96
2025-11-13 13:10,3.9
2025-11-13 13:15,3.95
2025-11-13 13:20,3.93
2025-11-13 13:25,4.1
2025-11-13 13:30,3.99
2025-11-13 13:35,3.93
2025-11-13 13:40,4.15
2025-11-13 13:45,4.19
2025-11-13 13:50,4.24
2025-11-13 13:55,4.22
2025-11-13 14:00,4.05
2025-11-13 14:05,4.15
2025-11-13 14:10,4.28
2025-11-13 14:15,3.98
2025-11-13 14:20,4.28
2025-11-13 14:25,4.2
2025-11-13 14:30,4.3
2025-11-13 14:35,4.28
2025-11-13 14:40,4.23
2025-11-13 14:45,4.23
2025-11-13 14:50,4.24
2025-11-13 14:55,4.13
2025-11-13 15:00,4.14
2025-11-13 15:05,4.1
2025-11-13 15:10,4.03
2025-11-13 15:15,4.1
2025-11-13 15:20,4.17
2025-11-13 15:25,4.17
2025-11-13 15:30,4.24
2025-11-13 15:35,3.96
2025-11-13 15:40,4.3
2025-11-13 15:45,3.97
2025-11-13 15:50,4.05
2025-11-13 15:55,4.16
2025-11-13 16:00,4.19
2025-11-13 16:05,3.91
2025-11-13 16:10,4.08
2025-11-13 16:15,4.13
2025-11-13 16:20,3.99
2025-11-13 16:25,4.25
2025-11-13 16:30,4.08
2025-11-13 16:35,4.26
2025-11-13 16:40,4.08
2025-11-13 16:45,4.16
2025-11-13 16:50,4.29
2025-11-13 16:55,4.15
2025-11-13 17:00,4.23
2025-11-13 17:05,4.11
2025-11-13 17:10,4.09
2025-11-13 17:15,3.99
2025-11-13 17:20,4.19
2025-11-13 17:25,4.13
2025-11-13 17:30,4.16
2025-11-13 17:35,3.99
2025-11-13 17:40,3.94
2025-11-13 17:45,4.29
2025-11-13 17:50,4.0
2025-11-13 17:55,4.24
2025-11-13 18:00,4.3
2025-11-13 18:05,3.94
2025-11-13 18:10,4.22
2025-11-13 18:15,4.18
2025-11-13 18:20,3.95
2025-11-13 18:25,4.26
2025-11-13 18:30,3.98
2025-11-13 18:35,4.0
2025-11-13 18:40,3.9
2025-11-13 18:45,4.07
2025-11-13 18:50,3.97
2025-11-13 18:55,4.07
2025-11-13 19:00,4.05
2025-11-13 19:05,3.91
2025-11-13 19:10,3.93
2025-11-13 19:15,4.04
2025-11-13 19:20,3.95
2025-11-13 19:25,4.25
2025-11-13 19:30,4.01
2025-11-13 19:35,4.1
2025-11-13 19:40,4.05
2025-11-13 19:45,4.26
2025-11-13 19:50,3.93
2025-11-13 19:55,4.05
2025-11-13 20:00,4.17
2025-11-13 20:05,3.93
2025-11-13 20:10,4.13
2025-11-13 20:15,4.17
2025-11-13 20:20,4.05
2025-11-13 20:25,3.97
2025-11-13 20:30,4.07
2025-11-13 20:35,4.14
2025-11-13 20:40,4.1
2025-11-13 20:45,4.11
2025-11-13 20:50,4.05
2025-11-13 20:55,3.91
2025-11-13 21:00,3.91
2025-11-13 21:05,4.08
2025-11-13 21:10,3.92
2025-11-13 21:15,4.06
2025-11-13 21:20,4.06
2025-11-13 21:25,4.12
2025-11-13 21:30,4.12
2025-11-13 21:35,4.03
2025-11-13 21:40,3.93
2025-11-13 21:45,4.11
2025-11-13 21:50,4.26
2025-11-13 21:55,4.21
2025-11-13 22:00,4.16
2025-11-13 22:05,4.27
2025-11-13 22:10,4.13
2025-11-13 22:15,4.19
2025-11-13 22:20,4.18
2025-11-13 22:25,4.29
2025-11-13 22:30,3.95
2025-11-13 22:35,4.07
2025-11-13 22:40,4.18
2025-11-13 22:45,4.05
2025-11-13 22:50,4.07
2025-11-13 22:55,4.25
2025-11-13 23:00,2.17
2025-11-13 23:05,2.13
2025-11-13 23:10,2.15
2025-11-13 23:15,2.15
2025-11-13 23:20,2.24
2025-11-13 23:25,2.13
2025-11-13 23:30,2.24
2025-11-13 23:35,2.28
2025-11-13 23:40,2.16
2025-11-13 23:45,2.13
2025-11-13 23:50,2.17
2025-11-13 23:55,2.21
2025-11-14 00:00,2.24
2025-11-14 00:05,2.25
2025-11-14 00:10,2.11
2025-11-14 00:15,2.14
2025-11-14 00:20,2.2
2025-11-14 00:25,2.16
2025-11-14 00:30,2.26
2025-11-14 00:35,2.27
2025-11-14 00:40,2.17
2025-11-14 00:45,2.21
2025-11-14 00:50,2.17
2025-11-14 00:55,2.12
2025-11-14 01:00,2.25
2025-11-14 01:05,2.1
2025-11-14 01:10,2.27
2025-11-14 01:15,2.16
2025-11-14 01:20,2.29
2025-11-14 01:25,2.12
2025-11-14 01:30,2.28
2025-11-14 01:35,2.22
2025-11-14 01:40,2.26
2025-11-14 01:45,2.17
2025-11-14 01:50,2.17
2025-11-14 01:55,2.25
2025-11-14 02:00,2.22
2025-11-14 02:05,2.29
2025-11-14 02:10,2.1
2025-11-14 02:15,2.26
2025-11-14 02:20,2.21
2025-11-14 02:25,2.26
2025-11-14 02:30,2.13
2025-11-14 02:35,2.2
2025-11-14 02:40,2.29
2025-11-14 02:45,2.18
2025-11-14 02:50,2.23
2025-11-14 02:55,2.19
2025-11-14 03:00,2.29
2025-11-14 03:05,2.26
2025-11-14 03:10,2.11
2025-11-14 03:15,2.16
2025-11-14 03:20,2.28
2025-11-14 03:25,2.11
2025-11-14 03:30,2.27
2025-11-14 03:35,2.29
2025-11-14 03:40,2.16
2025-11-14 03:45,2.27
2025-11-14 03:50,2.23
2025-11-14 03:55,2.11
2025-11-14 04:00,2.15
2025-11-14 04:05,2.29
2025-11-14 04:10,2.24
2025-11-14 04:15,2.13
2025-11-14 04:20,2.21
2025-11-14 04:25,2.28
2025-11-14 04:30,2.11
2025-11-14 04:35,2.16
2025-11-14 04:40,2.18
2025-11-14 04:45,2.13
2025-11-14 04:50,2.11
2025-11-14 04:55,2.25
2025-11-14 05:00,3.96
2025-11-14 05:05,3.96
2025-11-14 05:10,4.27
2025-11-14 05:15,4.01
2025-11-14 05:20,4.01
2025-11-14 05:25,4.11
2025-11-14 05:30,4.01
2025-11-14 05:35,4.25
2025-11-14 05:40,4.25
2025-11-14 05:45,4.25
2025-11-14 05:50,4.09
2025-11-14 05:55,4.02
2025-11-14 06:00,4.08
2025-11-14 06:05,3.94
2025-11-14 06:10,4.06
2025-11-14 06:15,4.08
2025-11-14 06:20,4.12
2025-11-14 06:25,3.93
2025-11-14 06:30,3.98
2025-11-14 06:35,4.02
2025-11-14 06:40,4.02
2025-11-14 06:45,4.13
2025-11-14 06:50,4.15
2025-11-14 06:55,4.19
2025-11-14 07:00,4.13
2025-11-14 07:05,4.23
2025-11-14 07:10,4.28
2025-11-14 07:15,3.92
2025-11-14 07:20,3.94
2025-11-14 07:25,4.16
2025-11-14 07:30,4.04
2025-11-14 07:35,4.18
2025-11-14 07:40,4.15
2025-11-14 07:45,4.23
2025-11-14 07:50,4.25
2025-11-14 07:55,4.28
2025-11-14 08:00,3.94
2025-11-14 08:05,3.97
2025-11-14 08:10,3.96
2025-11-14 08:15,4.24
2025-11-14 08:20,4.09
2025-11-14 08:25,4.26
2025-11-14 08:30,4.22
2025-11-14 08:35,4.14
2025-11-14 08:40,3.95
2025-11-14 08:45,4.2
2025-11-14 08:50,3.97
2025-11-14 08:55,3.91
2025-11-14 09:00,4.19
2025-11-14 09:05,3.99
2025-11-14 09:10,4.22
2025-11-14 09:15,4.05
2025-11-14 09:20,4.12
2025-11-14 09:25,4.27
2025-11-14 09:30,4.17
2025-11-14 09:35,4.18
2025-11-14 09:40,4.16
2025-11-14 09:45,4.16
2025-11-14 09:50,4.29
2025-11-14 09:55,4.16
2025-11-14 10:00,3.93
2025-11-14 10:05,4.27
2025-11-14 10:10,4.27
2025-11-14 10:15,4.0
2025-11-14 10:20,4.29
2025-11-14 10:25,4.13
2025-11-14 10:30,4.19
2025-11-14 10:35,3.95
2025-11-14 10:40,4.05
2025-11-14 10:45,3.95
2025-11-14 10:50,3.94
2025-11-14 10:55,3.96
2025-11-14 11:00,4.18
2025-11-14 11:05,4.06
2025-11-14 11:10,4.27
2025-11-14 11:15,4.04
2025-11-14 11:20,3.95
2025-11-14 11:25,4.29
2025-11-14 11:30,4.2
2025-11-14 11:35,4.07
2025-11-14 11:40,4.26
2025-11-14 11:45,4.0
2025-11-14 11:50,3.96
2025-11-14 11:55,4.23
2025-11-14 12:00,4.0
2025-11-14 12:05,4.21
2025-11-14 12:10,4.12
2025-11-14 12:15,4.29
2025-11-14 12:20,4.15
2025-11-14 12:25,3.92
2025-11-14 12:30,3.97
2025-11-14 12:35,4.04
2025-11-14 12:40,4.16
2025-11-14 12:45,4.11
2025-11-14 12:50,3.93
2025-11-14 12:55,4.02
2025-11-14 13:00,4.07
2025-11-14 13:05,4.13
2025-11-14 13:10,4.11
2025-11-14 13:15,4.01
2025-11-14 13:20,4.17
2025-11-14 13:25,4.15
2025-11-14 13:30,4.24
2025-11-14 13:35,4.26
2025-11-14 13:40,4.09
2025-11-14 13:45,4.09
2025-11-14 13:50,4.22
2025-11-14 13:55,4.0
2025-11-14 14:00,3.93
2025-11-14 14:05,4.19
2025-11-14 14:10,4.29
2025-11-14 14:15,4.26
2025-11-14 14:20,3.96
2025-11-14 14:25,3.99
2025-11-14 14:30,4.19
2025-11-14 14:35,4.03
2025-11-14 14:40,4.12
2025-11-14 14:45,4.23
2025-11-14 14:50,4.02
2025-11-14 14:55,4.19
2025-11-14 15:00,4.27
2025-11-14 15:05,4.26
2025-11-14 15:10,4.03
2025-11-14 15:15,3.98
2025-11-14 15:20,3.99
2025-11-14 15:25,3.96
2025-11-14 15:30,4.11
2025-11-14 15:35,4.25
2025-11-14 15:40,4.2
2025-11-14 15:45,4.06
2025-11-14 15:50,4.21
2025-11-14 15:55,4.21
2025-11-14 16:00,4.22
2025-11-14 16:05,3.95
2025-11-14 16:10,4.09
2025-11-14 16:15,4.07
2025-11-14 16:20,4.08
2025-11-14 16:25,4.12
2025-11-14 16:30,3.96
2025-11-14 16:35,4.05
2025-11-14 16:40,4.14
2025-11-14 16:45,4.06
2025-11-14 16:50,4.11
2025-11-14 16:55,4.18
2025-11-14 17:00,4.06
2025-11-14 17:05,4.18
2025-11-14 17:10,4.05
2025-11-14 17:15,3.9
2025-11-14 17:20,4.08
2025-11-14 17:25,4.08
2025-11-14 17:30,4.28
2025-11-14 17:35,3.98
2025-11-14 17:40,3.96
2025-11-14 17:45,4.27
2025-11-14 17:50,4.2
2025-11-14 17:55,4.06
2025-11-14 18:00,4.3
2025-11-14 18:05,4.04
2025-11-14 18:10,3.95
2025-11-14 18:15,4.28
2025-11-14 18:20,4.03
2025-11-14 18:25,4.29
2025-11-14 18:30,4.17
2025-11-14 18:35,3.91
2025-11-14 18:40,4.29
2025-11-14 18:45,4.1
2025-11-14 18:50,4.02
2025-11-14 18:55,4.1
2025-11-14 19:00,4.28
2025-11-14 19:05,4.05
2025-11-14 19:10,4.19
2025-11-14 19:15,3.91
2025-11-14 19:20,4.27
2025-11-14 19:25,4.03
2025-11-14 19:30,4.18
2025-11-14 19:35,3.91
2025-11-14 19:40,4.04
2025-11-14 19:45,3.93
2025-11-14 19:50,4.05
2025-11-14 19:55,3.94
2025-11-14 20:00,4.23
2025-11-14 20:05,4.0
2025-11-14 20:10,4.06
2025-11-14 20:15,3.91
2025-11-14 20:20,3.99
2025-11-14 20:25,4.14
2025-11-14 20:30,4.14
2025-11-14 20:35,4.2
2025-11-14 20:40,4.02
2025-11-14 20:45,4.12
2025-11-14 20:50,3.94
2025-11-14 20:55,3.99
2025-11-14 21:00,4.3
2025-11-14 21:05,4.14
2025-11-14 21:10,3.92
2025-11-14 21:15,4.17
2025-11-14 21:20,4.11
2025-11-14 21:25,4.24
2025-11-14 21:30,3.94
2025-11-14 21:35,4.08
2025-11-14 21:40,4.17
2025-11-14 21:45,4.21
2025-11-14 21:50,3.98
2025-11-14 21:55,3.99
2025-11-14 22:00,4.23
2025-11-14 22:05,4.19
2025-11-14 22:10,4.25
2025-11-14 22:15,4.04
2025-11-14 22:20,3.92
2025-11-14 22:25,3.94
2025-11-14 22:30,4.3
2025-11-14 22:35,3.93
2025-11-14 22:40,4.12
2025-11-14 22:45,4.05
2025-11-14 22:50,4.09
2025-11-14 22:55,4.08
2025-11-14 23:00,2.14
2025-11-14 23:05,2.12
2025-11-14 23:10,2.21
2025-11-14 23:15,2.21
2025-11-14 23:20,2.11
2025-11-14 23:25,2.14
2025-11-14 23:30,2.22
2025-11-14 23:35,2.3
2025-11-14 23:40,2.11
2025-11-14 23:45,2.12
2025-11-14 23:50,2.13
2025-11-14 23:55,2.15
2025-11-15 00:00,2.16
2025-11-15 00:05,2.24
2025-11-15 00:10,2.23
2025-11-15 00:15,2.26
2025-11-15 00:20,2.12
2025-11-15 00:25,2.28
2025-11-15 00:30,2.2
2025-11-15 00:35,2.15
2025-11-15 00:40,2.3
2025-11-15 00:45,2.25
2025-11-15 00:50,2.23
2025-11-15 00:55,2.18
2025-11-15 01:00,2.12
2025-11-15 01:05,2.2
2025-11-15 01:10,2.25
2025-11-15 01:15,2.16
2025-11-15 01:20,2.25
2025-11-15 01:25,2.15
2025-11-15 01:30,2.19
2025-11-15 01:35,2.12
2025-11-15 01:40,2.24
2025-11-15 01:45,2.22
2025-11-15 01:50,2.25
2025-11-15 01:55,2.1
2025-11-15 02:00,2.3
2025-11-15 02:05,2.17
2025-11-15 02:10,2.27
2025-11-15 02:15,2.13
2025-11-15 02:20,2.19
2025-11-15 02:25,2.17
2025-11-15 02:30,2.15
2025-11-15 02:35,2.19
2025-11-15 02:40,2.18
2025-11-15 02:45,2.17
2025-11-15 02:50,2.26
2025-11-15 02:55,2.12
2025-11-15 03:00,2.29
2025-11-15 03:05,2.27
2025-11-15 03:10,2.27
2025-11-15 03:15,2.22
2025-11-15 03:20,2.3
2025-11-15 03:25,2.14
2025-11-15 03:30,2.28
2025-11-15 03:35,2.25
2025-11-15 03:40,2.27
2025-11-15 03:45,2.14
2025-11-15 03:50,2.13
2025-11-15 03:55,2.1
2025-11-15 04:00,2.21
2025-11-15 04:05,2.29
2025-11-15 04:10,2.2
2025-11-15 04:15,2.16
2025-11-15 04:20,2.2
2025-11-15 04:25,2.2
2025-11-15 04:30,2.22
2025-11-15 04:35,2.19
2025-11-15 04:40,2.21
2025-11-15 04:45,2.3
2025-11-15 04:50,2.1
2025-11-15 04:55,2.3
2025-11-15 05:00,3.91
2025-11-15 05:05,3.99
2025-11-15 05:10,4.07
2025-11-15 05:15,4.27
2025-11-15 05:20,4.19
2025-11-15 05:25,3.94
2025-11-15 05:30,4.29
2025-11-15 05:35,3.92
2025-11-15 05:40,4.22
2025-11-15 05:45,3.91
2025-11-15 05:50,3.94
2025-11-15 05:55,3.93
2025-11-15 06:00,4.0
2025-11-15 06:05,4.18
2025-11-15 06:10,4.15
2025-11-15 06:15,4.08
2025-11-15 06:20,4.28
2025-11-15 06:25,4.11
2025-11-15 06:30,4.25
2025-11-15 06:35,4.22
2025-11-15 06:40,3.94
2025-11-15 06:45,4.09
2025-11-15 06:50,3.96
2025-11-15 06:55,4.02
2025-11-15 07:00,4.27
2025-11-15 07:05,4.24
2025-11-15 07:10,4.07
2025-11-15 07:15,4.3
2025-11-15 07:20,4.17
2025-11-15 07:25,4.05
2025-11-15 07:30,3.99
2025-11-15 07:35,4.14
2025-11-15 07:40,4.09
2025-11-15 07:45,3.98
2025-11-15 07:50,3.92
2025-11-15 07:55,4.15
2025-11-15 08:00,4.2
2025-11-15 08:05,4.0
2025-11-15 08:10,4.0
2025-11-15 08:15,3.92
2025-11-15 08:20,4.07
2025-11-15 08:25,4.05
2025-11-15 08:30,4.23
2025-11-15 08:35,4.13
2025-11-15 08:40,3.99
2025-11-15 08:45,4.06
2025-11-15 08:50,4.2
2025-11-15 08:55,3.94
2025-11-15 09:00,4.12
2025-11-15 09:05,3.94
2025-11-15 09:10,4.07
2025-11-15 09:15,4.09
2025-11-15 09:20,4.04
2025-11-15 09:25,4.1
2025-11-15 09:30,3.93
2025-11-15 09:35,4.13
2025-11-15 09:40,3.96
2025-11-15 09:45,4.28
2025-11-15 09:50,3.93
2025-11-15 09:55,4.26
2025-11-15 10:00,4.15
2025-11-15 10:05,4.18
2025-11-15 10:10,4.04
2025-11-15 10:15,3.95
2025-11-15 10:20,4.13
2025-11-15 10:25,4.16
2025-11-15 10:30,3.99
2025-11-15 10:35,4.18
2025-11-15 10:40,4.27
2025-11-15 10:45,3.91
2025-11-15 10:50,3.98
2025-11-15 10:55,3.98
2025-11-15 11:00,4.19
2025-11-15 11:05,4.16
2025-11-15 11:10,4.22
2025-11-15 11:15,3.94
2025-11-15 11:20,4.18
2025-11-15 11:25,4.22
2025-11-15 11:30,4.07
2025-11-15 11:35,4.27
2025-11-15 11:40,4.17
2025-11-15 11:45,4.06
2025-11-15 11:50,3.96
2025-11-15 11:55,4.29
2025-11-15 12:00,4.3
2025-11-15 12:05,4.01
2025-11-15 12:10,4.19
2025-11-15 12:15,4.26
2025-11-15 12:20,4.04
2025-11-15 12:25,4.15
2025-11-15 12:30,4.16
2025-11-15 12:35,4.23
2025-11-15 12:40,4.05
2025-11-15 12:45,4.02
2025-11-15 12:50,3.93
2025-11-15 12:55,4.09
2025-11-15 13:00,4.16
2025-11-15 13:05,4.2
2025-11-15 13:10,4.11
2025-11-15 13:15,4.19
2025-11-15 13:20,3.97
2025-11-15 13:25,4.3
2025-11-15 13:30,4.18
2025-11-15 13:35,4.04
2025-11-15 13:40,3.94
2025-11-15 13:45,3.9
2025-11-15 13:50,4.21
2025-11-15 13:55,4.1
2025-11-15 14:00,4.22
2025-11-15 14:05,4.0
2025-11-15 14:10,4.03
2025-11-15 14:15,3.97
2025-11-15 14:20,4.16
2025-11-15 14:25,4.17
2025-11-15 14:30,4.0
2025-11-15 14:35,3.98
2025-11-15 14:40,4.02
2025-11-15 14:45,4.02
2025-11-15 14:50,4.18
2025-11-15 14:55,4.21
2025-11-15 15:00,4.28
2025-11-15 15:05,4.17
2025-11-15 15:10,3.95
2025-11-15 15:15,4.06
2025-11-15 15:20,4.02
2025-11-15 15:25,4.21
2025-11-15 15:30,4.02
2025-11-15 15:35,4.11
2025-11-15 15:40,3.95
2025-11-15 15:45,4.24
2025-11-15 15:50,4.08
2025-11-15 15:55,4.1
2025-11-15 16:00,4.07
2025-11-15 16:05,3.92
2025-11-15 16:10,4.06
2025-11-15 16:15,4.0
2025-11-15 16:20,3.97
2025-11-15 16:25,3.97
2025-11-15 16:30,4.19
2025-11-15 16:35,3.99
2025-11-15 16:40,4.09
2025-11-15 16:45,4.23
2025-11-15 16:50,4.22
2025-11-15 16:55,4.01
2025-11-15 17:00,3.96
2025-11-15 17:05,4.16
2025-11-15 17:10,3.91
2025-11-15 17:15,4.02
2025-11-15 17:20,4.24
2025-11-15 17:25,3.99
2025-11-15 17:30,4.11
2025-11-15 17:35,4.01
2025-11-15 17:40,4.12
2025-11-15 17:45,4.14
2025-11-15 17:50,4.03
2025-11-15 17:55,4.29
2025-11-15 18:00,4.03
2025-11-15 18:05,4.19
2025-11-15 18:10,4.26
2025-11-15 18:15,4.29
2025-11-15 18:20,4.06
2025-11-15 18:25,4.01
2025-11-15 18:30,4.13
2025-11-15 18:35,4.14
2025-11-15 18:40,3.92
2025-11-15 18:45,3.92
2025-11-15 18:50,4.15
2025-11-15 18:55,4.14
2025-11-15 19:00,3.93
2025-11-15 19:05,4.0
2025-11-15 19:10,4.26
2025-11-15 19:15,4.13
2025-11-15 19:20,4.02
2025-11-15 19:25,3.94
2025-11-15 19:30,4.06
2025-11-15 19:35,4.09
2025-11-15 19:40,4.18
2025-11-15 19:45,4.23
2025-11-15 19:50,4.26
2025-11-15 19:55,4.29
2025-11-15 20:00,4.24
2025-11-15 20:05,4.04
2025-11-15 20:10,4.06
2025-11-15 20:15,4.13
2025-11-15 20:20,3.94
2025-11-15 20:25,4.26
2025-11-15 20:30,4.1
2025-11-15 20:35,4.05
2025-11-15 20:40,4.07
2025-11-15 20:45,4.09
2025-11-15 20:50,3.93
2025-11-15 20:55,3.91
2025-11-15 21:00,4.05
2025-11-15 21:05,3.99
2025-11-15 21:10,4.03
2025-11-15 21:15,4.29
2025-11-15 21:20,4.18
2025-11-15 21:25,4.23
2025-11-15 21:30,4.11
2025-11-15 21:35,3.95
2025-11-15 21:40,3.98
2025-11-15 21:45,4.3
2025-11-15 21:50,4.02
2025-11-15 21:55,3.97
2025-11-15 22:00,4.18
2025-11-15 22:05,4.09
2025-11-15 22:10,4.29
2025-11-15 22:15,4.27
2025-11-15 22:20,4.25
2025-11-15 22:25,4.24
2025-11-15 22:30,4.0
2025-11-15 22:35,4.23
2025-11-15 22:40,4.0
2025-11-15 22:45,4.0
2025-11-15 22:50,4.24
2025-11-15 22:55,3.9
2025-11-15 23:00,2.2
2025-11-15 23:05,2.15
2025-11-15 23:10,2.3
2025-11-15 23:15,2.22
2025-11-15 23:20,2.16
2025-11-15 23:25,2.28
2025-11-15 23:30,2.15
2025-11-15 23:35,2.18
2025-11-15 23:40,2.16
2025-11-15 23:45,2.29
2025-11-15 23:50,2.24
2025-11-15 23:55,2.16
2025-11-16 00:00,2.21
2025-11-16 00:05,2.26
2025-11-16 00:10,2.14
2025-11-16 00:15,2.16
2025-11-16 00:20,2.1
2025-11-16 00:25,2.26
2025-11-16 00:30,2.22
2025-11-16 00:35,2.3
2025-11-16 00:40,2.24
2025-11-16 00:45,2.14
2025-11-16 00:50,2.17
2025-11-16 00:55,2.27
2025-11-16 01:00,2.25
2025-11-16 01:05,2.25
2025-11-16 01:10,2.27
2025-11-16 01:15,2.27
2025-11-16 01:20,2.22
2025-11-16 01:25,2.19
2025-11-16 01:30,2.18
2025-11-16 01:35,2.26
2025-11-16 01:40,2.24
2025-11-16 01:45,2.1
2025-11-16 01:50,2.21
2025-11-16 01:55,2.24
2025-11-16 02:00,2.26
2025-11-16 02:05,2.12
2025-11-16 02:10,2.25
2025-11-16 02:15,2.14
2025-11-16 02:20,2.18
2025-11-16 02:25,2.25
2025-11-16 02:30,2.16
2025-11-16 02:35,2.17
2025-11-16 02:40,2.23
2025-11-16 02:45,2.19
2025-11-16 02:50,2.13
2025-11-16 02:55,2.12
2025-11-16 03:00,2.26
2025-11-16 03:05,2.16
2025-11-16 03:10,2.28
2025-11-16 03:15,2.11
2025-11-16 03:20,2.17
2025-11-16 03:25,2.13
2025-11-16 03:30,2.12
2025-11-16 03:35,2.12
2025-11-16 03:40,2.22
2025-11-16 03:45,2.17
2025-11-16 03:50,2.29
2025-11-16 03:55,2.27
2025-11-16 04:00,2.13
2025-11-16 04:05,2.13
2025-11-16 04:10,2.29
2025-11-16 04:15,2.29
2025-11-16 04:20,2.24
2025-11-16 04:25,2.19
2025-11-16 04:30,2.29
2025-11-16 04:35,2.13
2025-11-16 04:40,2.21
2025-11-16 04:45,2.26
2025-11-16 04:50,2.17
2025-11-16 04:55,2.24
2025-11-16 05:00,4.14
2025-11-16 05:05,3.93
2025-11-16 05:10,4.16
2025-11-16 05:15,3.93
2025-11-16 05:20,3.99
2025-11-16 05:25,4.1
2025-11-16 05:30,4.18
2025-11-16 05:35,4.13
2025-11-16 05:40,4.28
2025-11-16 05:45,4.08
2025-11-16 05:50,3.93
2025-11-16 05:55,3.96
2025-11-16 06:00,4.11
2025-11-16 06:05,4.06
2025-11-16 06:10,4.29
2025-11-16 06:15,4.3
2025-11-16 06:20,4.19
2025-11-16 06:25,4.07
2025-11-16 06:30,3.99
2025-11-16 06:35,4.17
2025-11-16 06:40,4.29
2025-11-16 06:45,4.07
2025-11-16 06:50,4.11
2025-11-16 06:55,4.12
2025-11-16 07:00,4.04
2025-11-16 07:05,4.02
2025-11-16 07:10,4.28
2025-11-16 07:15,4.21
2025-11-16 07:20,4.28
2025-11-16 07:25,3.9
2025-11-16 07:30,4.22
2025-11-16 07:35,4.06
2025-11-16 07:40,4.21
2025-11-16 07:45,4.12
2025-11-16 07:50,4.0
2025-11-16 07:55,4.18
2025-11-16 08:00,3.99
2025-11-16 08:05,4.2
2025-11-16 08:10,3.94
2025-11-16 08:15,4.1
2025-11-16 08:20,4.18
2025-11-16 08:25,4.17
2025-11-16 08:30,4.01
2025-11-16 08:35,4.28
2025-11-16 08:40,4.24
2025-11-16 08:45,3.98
2025-11-16 08:50,3.94
2025-11-16 08:55,4.26
2025-11-16 09:00,4.01
2025-11-16 09:05,4.14
2025-11-16 09:10,4.16
2025-11-16 09:15,3.98
2025-11-16 09:20,4.18
2025-11-16 09:25,4.25
2025-11-16 09:30,4.14
2025-11-16 09:35,4.21
2025-11-16 09:40,4.18
2025-11-16 09:45,4.23
2025-11-16 09:50,4.22
2025-11-16 09:55,4.18
2025-11-16 10:00,4.19
2025-11-16 10:05,4.27
2025-11-16 10:10,4.0
2025-11-16 10:15,4.04
2025-11-16 10:20,4.2
2025-11-16 10:25,4.06
2025-11-16 10:30,4.02
2025-11-16 10:35,3.91
2025-11-16 10:40,4.19
2025-11-16 10:45,4.23
2025-11-16 10:50,3.94
2025-11-16 10:55,3.95
2025-11-16 11:00,4.16
2025-11-16 11:05,4.21
2025-11-16 11:10,4.22
2025-11-16 11:15,4.21
2025-11-16 11:20,4.24
2025-11-16 11:25,4.07
2025-11-16 11:30,4.14
2025-11-16 11:35,3.95
2025-11-16 11:40,4.06
2025-11-16 11:45,4.0
2025-11-16 11:50,3.93
2025-11-16 11:55,3.99
2025-11-16 12:00,4.21
2025-11-16 12:05,4.07
2025-11-16 12:10,4.04
2025-11-16 12:15,4.03
2025-11-16 12:20,3.93
2025-11-16 12:25,4.06
2025-11-16 12:30,3.95
2025-11-16 12:35,4.03
2025-11-16 12:40,3.98
2025-11-16 12:45,4.1
2025-11-16 12:50,3.95
2025-11-16 12:55,4.2
2025-11-16 13:00,3.93
2025-11-16 13:05,4.18
2025-11-16 13:10,4.25
2025-11-16 13:15,3.99
2025-11-16 13:20,4.05
2025-11-16 13:25,3.97
2025-11-16 13:30,4.11
2025-11-16 13:35,4.12
2025-11-16 13:40,3.98
2025-11-16 13:45,4.26
2025-11-16 13:50,4.21
2025-11-16 13:55,4.11
2025-11-16 14:00,4.14
2025-11-16 14:05,4.19
2025-11-16 14:10,4.04
2025-11-16 14:15,4.07
2025-11-16 14:20,4.25
2025-11-16 14:25,3.95
2025-11-16 14:30,3.99
2025-11-16 14:35,4.14
2025-11-16 14:40,3.94
2025-11-16 14:45,4.29
2025-11-16 14:50,4.22
2025-11-16 14:55,4.1
2025-11-16 15:00,4.2
2025-11-16 15:05,4.27
2025-11-16 15:10,4.27
2025-11-16 15:15,4.28
2025-11-16 15:20,4.26
2025-11-16 15:25,3.98
2025-11-16 15:30,4.27
2025-11-16 15:35,4.02
2025-11-16 15:40,4.21
2025-11-16 15:45,4.16
2025-11-16 15:50,3.98
2025-11-16 15:55,4.07
2025-11-16 16:00,4.2
2025-11-16 16:05,4.26
2025-11-16 16:10,4.19
2025-11-16 16:15,3.95
2025-11-16 16:20,4.13
2025-11-16 16:25,4.13
2025-11-16 16:30,3.96
2025-11-16 16:35,4.2
2025-11-16 16:40,4.0
2025-11-16 16:45,4.28
2025-11-16 16:50,4.18
2025-11-16 16:55,3.93
2025-11-16 17:00,4.17
2025-11-16 17:05,4.27
2025-11-16 17:10,4.23
2025-11-16 17:15,3.91
2025-11-16 17:20,4.22
2025-11-16 17:25,4.11
2025-11-16 17:30,4.21
2025-11-16 17:35,3.97
2025-11-16 17:40,4.02
2025-11-16 17:45,4.01
2025-11-16 17:50,4.15
2025-11-16 17:55,3.98
2025-11-16 18:00,3.99
2025-11-16 18:05,3.99
2025-11-16 18:10,4.16
2025-11-16 18:15,4.12
2025-11-16 18:20,3.95
2025-11-16 18:25,4.17
2025-11-16 18:30,4.05
2025-11-16 18:35,4.04
2025-11-16 18:40,4.17
2025-11-16 18:45,4.08
2025-11-16 18:50,3.95
2025-11-16 18:55,4.25
2025-11-16 19:00,4.27
2025-11-16 19:05,4.16
2025-11-16 19:10,4.22
2025-11-16 19:15,4.17
2025-11-16 19:20,3.99
2025-11-16 19:25,4.13
2025-11-16 19:30,3.97
2025-11-16 19:35,4.28
2025-11-16 19:40,4.16
2025-11-16 19:45,4.15
2025-11-16 19:50,4.3
2025-11-16 19:55,4.23
2025-11-16 20:00,4.06
2025-11-16 20:05,4.09
2025-11-16 20:10,4.17
2025-11-16 20:15,4.06
2025-11-16 20:20,4.27
2025-11-16 20:25,4.21
2025-11-16 20:30,4.18
2025-11-16 20:35,3.91
2025-11-16 20:40,4.03
2025-11-16 20:45,4.11
2025-11-16 20:50,3.94
2025-11-16 20:55,3.96
2025-11-16 21:00,4.22
2025-11-16 21:05,4.21
2025-11-16 21:10,4.11
2025-11-16 21:15,4.12
2025-11-16 21:20,4.26
2025-11-16 21:25,4.21
2025-11-16 21:30,4.04
2025-11-16 21:35,4.2
2025-11-16 21:40,4.13
2025-11-16 21:45,4.1
2025-11-16 21:50,4.08
2025-11-16 21:55,4.21
2025-11-16 22:00,4.05
2025-11-16 22:05,4.27
2025-11-16 22:10,4.29
2025-11-16 22:15,4.01
2025-11-16 22:20,4.26
2025-11-16 22:25,4.15
2025-11-16 22:30,4.13
2025-11-16 22:35,4.22
2025-11-16 22:40,4.15
2025-11-16 22:45,4.21
2025-11-16 22:50,4.27
2025-11-16 22:55,4.21
2025-11-16 23:00,2.23
2025-11-16 23:05,2.17
2025-11-16 23:10,2.15
2025-11-16 23:15,2.19
2025-11-16 23:20,2.29
2025-11-16 23:25,2.2
2025-11-16 23:30,2.27
2025-11-16 23:35,2.15
2025-11-16 23:40,2.15
2025-11-16 23:45,2.11
2025-11-16 23:50,2.19
2025-11-16 23:55,2.11
2025-11-17 00:00,2.27
2025-11-17 00:05,2.27
2025-11-17 00:10,2.11
2025-11-17 00:15,2.18
2025-11-17 00:20,2.24
2025-11-17 00:25,2.25
2025-11-17 00:30,2.13
2025-11-17 00:35,2.21
2025-11-17 00:40,2.11
2025-11-17 00:45,2.2
2025-11-17 00:50,2.23
2025-11-17 00:55,2.12
2025-11-17 01:00,2.26
2025-11-17 01:05,2.27
2025-11-17 01:10,2.18
2025-11-17 01:15,2.19
2025-11-17 01:20,2.11
2025-11-17 01:25,2.18
2025-11-17 01:30,2.11
2025-11-17 01:35,2.11
2025-11-17 01:40,2.28
2025-11-17 01:45,2.29
2025-11-17 01:50,2.13
2025-11-17 01:55,2.18
2025-11-17 02:00,2.23
2025-11-17 02:05,2.13
2025-11-17 02:10,2.27
2025-11-17 02:15,2.14
2025-11-17 02:20,2.24
2025-11-17 02:25,2.27
2025-11-17 02:30,2.17
2025-11-17 02:35,2.28
2025-11-17 02:40,2.12
2025-11-17 02:45,2.28
2025-11-17 02:50,2.18
2025-11-17 02:55,2.16
2025-11-17 03:00,2.24
2025-11-17 03:05,2.16
2025-11-17 03:10,2.13
2025-11-17 03:15,2.25
2025-11-17 03:20,2.22
2025-11-17 03:25,2.26
2025-11-17 03:30,2.27
2025-11-17 03:35,2.14
2025-11-17 03:40,2.19
2025-11-17 03:45,2.28
2025-11-17 03:50,2.12
2025-11-17 03:55,2.22
2025-11-17 04:00,2.13
2025-11-17 04:05,2.16
2025-11-17 04:10,2.2
2025-11-17 04:15,2.15
2025-11-17 04:20,2.27
2025-11-17 04:25,2.17
2025-11-17 04:30,2.23
2025-11-17 04:35,2.27
2025-11-17 04:40,2.27
2025-11-17 04:45,2.27
2025-11-17 04:50,2.29
2025-11-17 04:55,2.13
2025-11-17 05:00,4.03
2025-11-17 05:05,3.93
2025-11-17 05:10,4.12
2025-11-17 05:15,4.17
2025-11-17 05:20,4.01
2025-11-17 05:25,4.24
2025-11-17 05:30,4.05
2025-11-17 05:35,4.06
2025-11-17 05:40,4.1
2025-11-17 05:45,3.93
2025-11-17 05:50,4.26
2025-11-17 05:55,3.99
2025-11-17 06:00,4.26
2025-11-17 06:05,4.26
2025-11-17 06:10,4.02
2025-11-17 06:15,4.02
2025-11-17 06:20,4.01
2025-11-17 06:25,4.16
2025-11-17 06:30,4.07
2025-11-17 06:35,4.05
2025-11-17 06:40,4.29
2025-11-17 06:45,4.03
2025-11-17 06:50,4.16
2025-11-17 06:55,4.04
2025-11-17 07:00,4.16
2025-11-17 07:05,3.97
2025-11-17 07:10,4.01
2025-11-17 07:15,4.04
2025-11-17 07:20,4.18
2025-11-17 07:25,4.07
2025-11-17 07:30,4.08
2025-11-17 07:35,4.13
2025-11-17 07:40,4.11
2025-11-17 07:45,4.11
2025-11-17 07:50,4.25
2025-11-17 07:55,4.16
2025-11-17 08:00,4.14
2025-11-17 08:05,3.92
2025-11-17 08:10,4.01
2025-11-17 08:15,4.06
2025-11-17 08:20,4.22
2025-11-17 08:25,4.27
2025-11-17 08:30,4.08
2025-11-17 08:35,4.18
2025-11-17 08:40,4.16
2025-11-17 08:45,4.08
2025-11-17 08:50,4.18
2025-11-17 08:55,4.08
2025-11-17 09:00,3.94
2025-11-17 09:05,4.08
2025-11-17 09:10,4.05
2025-11-17 09:15,3.92
2025-11-17 09:20,3.95
2025-11-17 09:25,3.91
2025-11-17 09:30,4.21
2025-11-17 09:35,3.99
2025-11-17 09:40,3.96
2025-11-17 09:45,3.96
2025-11-17 09:50,4.06
2025-11-17 09:55,3.99
2025-11-17 10:00,3.95
2025-11-17 10:05,4.05
2025-11-17 10:10,4.1
2025-11-17 10:15,3.96
2025-11-17 10:20,4.01
2025-11-17 10:25,3.95
2025-11-17 10:30,4.0
2025-11-17 10:35,4.19
2025-11-17 10:40,3.94
2025-11-17 10:45,4.29
2025-11-17 10:50,4.0
2025-11-17 10:55,3.94
2025-11-17 11:00,4.01
2025-11-17 11:05,4.14
2025-11-17 11:10,3.9
2025-11-17 11:15,4.06
2025-11-17 11:20,4.24
2025-11-17 11:25,4.0
2025-11-17 11:30,3.96
2025-11-17 11:35,4.22
2025-11-17 11:40,4.15
2025-11-17 11:45,3.97
2025-11-17 11:50,4.03
2025-11-17 11:55,4.13
2025-11-17 12:00,4.24
2025-11-17 12:05,4.02
2025-11-17 12:10,4.19
2025-11-17 12:15,3.98
2025-11-17 12:20,4.16
2025-11-17 12:25,4.19
2025-11-17 12:30,4.26
2025-11-17 12:35,4.03
2025-11-17 12:40,4.3
2025-11-17 12:45,3.93
2025-11-17 12:50,3.99
2025-11-17 12:55,4.05
2025-11-17 13:00,3.93
2025-11-17 13:05,4.0
2025-11-17 13:10,4.1
2025-11-17 13:15,4.2
2025-11-17 13:20,4.05
2025-11-17 13:25,4.04
2025-11-17 13:30,4.24
2025-11-17 13:35,3.94
2025-11-17 13:40,4.08
2025-11-17 13:45,4.05
2025-11-17 13:50,3.93
2025-11-17 13:55,4.19
2025-11-17 14:00,4.28
2025-11-17 14:05,4.28
2025-11-17 14:10,3.95
2025-11-17 14:15,4.23
2025-11-17 14:20,4.25
2025-11-17 14:25,4.22
2025-11-17 14:30,4.2
2025-11-17 14:35,4.09
2025-11-17 14:40,4.23
2025-11-17 14:45,4.05
2025-11-17 14:50,4.22
2025-11-17 14:55,3.93
2025-11-17 15:00,4.28
2025-11-17 15:05,4.1
2025-11-17 15:10,4.09
2025-11-17 15:15,4.07
2025-11-17 15:20,4.2
2025-11-17 15:25,4.01
2025-11-17 15:30,4.12
2025-11-17 15:35,4.08
2025-11-17 15:40,3.93
2025-11-17 15:45,3.99
2025-11-17 15:50,4.02
2025-11-17 15:55,3.93
2025-11-17 16:00,4.28
2025-11-17 16:05,3.98
2025-11-17 16:10,4.02
2025-11-17 16:15,3.97
2025-11-17 16:20,4.03
2025-11-17 16:25,4.19
2025-11-17 16:30,4.04
2025-11-17 16:35,4.3
2025-11-17 16:40,4.0
2025-11-17 16:45,4.05
2025-11-17 16:50,4.0
2025-11-17 16:55,4.18
2025-11-17 17:00,3.99
2025-11-17 17:05,4.06
2025-11-17 17:10,3.97
2025-11-17 17:15,4.16
2025-11-17 17:20,4.14
2025-11-17 17:25,3.96
2025-11-17 17:30,4.18
2025-11-17 17:35,4.13
2025-11-17 17:40,3.97
2025-11-17 17:45,4.15
2025-11-17 17:50,4.27
2025-11-17 17:55,3.96
2025-11-17 18:00,3.92
2025-11-17 18:05,4.04
2025-11-17 18:10,4.24
2025-11-17 18:15,4.27
2025-11-17 18:20,4.01
2025-11-17 18:25,4.13
2025-11-17 18:30,4.0
2025-11-17 18:35,3.95
2025-11-17 18:40,4.18
2025-11-17 18:45,4.12
2025-11-17 18:50,3.96
2025-11-17 18:55,4.05
2025-11-17 19:00,4.16
2025-11-17 19:05,3.95
2025-11-17 19:10,4.21
2025-11-17 19:15,3.96
2025-11-17 19:20,3.93
2025-11-17 19:25,3.98
2025-11-17 19:30,4.28
2025-11-17 19:35,4.23
2025-11-17 19:40,4.08
2025-11-17 19:45,3.9
2025-11-17 19:50,4.09
2025-11-17 19:55,4.04
2025-11-17 20:00,4.25
2025-11-17 20:05,4.01
2025-11-17 20:10,4.28
2025-11-17 20:15,4.17
2025-11-17 20:20,3.92
2025-11-17 20:25,4.19
2025-11-17 20:30,3.98
2025-11-17 20:35,4.05
2025-11-17 20:40,4.15
2025-11-17 20:45,4.1
2025-11-17 20:50,4.22
2025-11-17 20:55,4.08
2025-11-17 21:00,3.97
2025-11-17 21:05,4.2
2025-11-17 21:10,3.93
2025-11-17 21:15,4.2
2025-11-17 21:20,3.95
2025-11-17 21:25,4.02
2025-11-17 21:30,4.07
2025-11-17 21:35,4.18
2025-11-17 21:40,4.01
2025-11-17 21:45,4.1
2025-11-17 21:50,4.21
2025-11-17 21:55,3.91
2025-11-17 22:00,4.18
2025-11-17 22:05,4.15
2025-11-17 22:10,4.02
2025-11-17 22:15,4.11
2025-11-17 22:20,3.99
2025-11-17 22:25,4.25
2025-11-17 22:30,4.14
2025-11-17 22:35,3.95
2025-11-17 22:40,4.15
2025-11-17 22:45,4.13
2025-11-17 22:50,4.15
2025-11-17 22:55,4.08
2025-11-17 23:00,2.13
2025-11-17 23:05,2.25
2025-11-17 23:10,2.22
2025-11-17 23:15,2.16
2025-11-17 23:20,2.19
2025-11-17 23:25,2.25
2025-11-17 23:30,2.14
2025-11-17 23:35,2.19
2025-11-17 23:40,2.21
2025-11-17 23:45,2.19
2025-11-17 23:50,2.16
2025-11-17 23:55,2.2
2025-11-18 00:00,2.13
